City,State/Country,Code
Aberdeen,SD,ABR
Abilene,TX,ABI
AdakIsland,AK,ADK
Akiachak,AK,KKI
Akiak,AK,AKI
Akron/Canton,OH,CAK
Akuton,AK,KQA
Alakanuk,AK,AUK
Alamogordo,NM,ALM
Alamosa,CO,ALS
Albany,NY,ALB
Albany,OR-Busservice,CVO
Albany,OR-Busservice,QWY
Albuquerque,NM,ABQ
Aleknagik,AK,WKK
Alexandria,LA,AEX
Allakaket,AK,AET
Allentown,PA,ABE
Alliance,NE,AIA
Alpena,MI,APN
Altoona,PA,AOO
Amarillo,TX,AMA
Ambler,AK,ABL
Anaktueuk,AK,AKP
Anchorage,AK,ANC
Angoon,AK,AGN
Aniak,AK,ANI
Anvik,AK,ANV
Appleton,WI,ATW
Arcata,CA,ACV
ArcticVillage,AK,ARC
Asheville,NC,AVL
Ashland,KY/Huntington,HTS
Aspen,CO,ASE
Athens,GA,AHN
Atka,AK,AKB
Atlanta,GA,ATL
AtlanticCity,NJ,AIY
Atqasuk,AK,ATK
Augusta,GA,AGS
Augusta,ME,AUG
Austin,TX,AUS
Bakersfield,CA,BFL
Baltimore,MD,BWI
Bangor,ME,BGR
BarHarbour,ME,BHB
Barrow,AK,BRW
BarterIsland,AK,BTI
BatonRouge,LA,BTR
BayCity,MI,MBS
Beaumont/PortArthur,TX,BPT
BeaverCreek,CO-Vanservice,ZBV
Beaver,AK,WBQ
Beckley,WV,BKW
Bedford,MA,BED
Belleville,IL,BLV
Bellingham,WA,BLI
Bemidji,MN,BJI
BentonHarbor,MI,BEH
Bethel,AK,BET
Bethlehem,PA,ABE
Bettles,AK,BTT
Billings,MT,BIL
Biloxi/Gulfport,MS,GPT
Binghamton,NY,BGM
BirchCreek,AK,KBC
Birmingham,AL,BHM
Bismarck,ND,BIS
BlockIsland,RI,BID
Bloomington,IL,BMI
Bluefield,WV,BLF
Boise,ID,BOI
Boston,MA,BOS
Boulder,CO-Busservice,XHH
Boulder,CO-HiltonsHarH,WHH
Boulder,CO-MunicipalAirport,WBU
Boundary,AK,BYA
BowlingGreen,KY,BWG
Bozeman,MT,BZN
Bradford,PA,BFD
Brainerd,MN,BRD
Brawnwood,TX,BWD
Breckonridge,CO-Vanservice,QKB
Bristol,VA,TRI
Brookings,SD,BKX
BrooksLodge,AK,RBH
Brownsville,TX,BRO
Brunswick,GA,BQK
Buckland,AK,BKC
Buffalo,NY,BUF
BullheadCity/Laughlin,AZ,IFP
Burbank,CA,BUR
Burlington,IA,BRL
Burlington,VT,BTV
Butte,MT,BTM
Canton/Akron,OH,CAK
CapeGirardeau,MO,CGI
CapeLisburne,AK,LUR
CapeNewenham,AK,EHM
Carbondale,IL,MDH
Carlsbad,CA,CLD
Carlsbad,NM,CNM
Carmel,CA,MRY
Casper,WY,CPR
CedarCity,UT,CDC
CedarRapids,IA,CID
Central,AK,CEM
Chadron,NE,CDR
Chalkyitsik,AK,CIK
Champaign/Urbana,IL,CMI
Charleston,SC,CHS
Charleston,WV,CRW
Charlotte,NC,CLT
Charlottesville,VA,CHO
Chattanooga,TN,CHA
Chefornak,AK,CYF
Chevak,AK,VAK
Cheyenne,WY,CYS
Chicago,IL-Meigs,CGX
Chicago,IL-Allairports,CHI
Chicago,IL-Midway,MDW
Chicago,IL-O'Hare,ORD
Chicken,AK,CKX
Chico,CA,CIC
Chignik,AK-Fisheries,KCG
Chignik,AK-,KCQ
Chignik,AK-Lagoon,KCL
Chisana,AK,CZN
Chisholm/Hibbing,MN,HIB
Chuathbaluk,AK,CHU
Cincinnati,OH,CVG
CircleHotSprings,AK,CHP
Circle,AK,IRC
ClarksPoint,AK,CLP
Clarksburg,WV,CKB
Clearwater/StPetersburg,FL,PIE
Cleveland,OH,CLE
Clovis,NM,CVN
Cody/Yellowstone,WY,COD
CoffeePoint,AK,CFA
CoffmanCove,AK,KCC
ColdBay,AK,CDB
CollegeStation,TX,CLL
ColoradoSprings,CO,COS
Columbia,MO,COU
Columbia,SC,CAE
Columbus,GA,CSG
Columbus,MS,GTR
Columbus,OH,CMH
Concord,CA,CCR
Concordia,KS,CNK
CopperMountain,CO-Vanservice,QCE
Cordova,AK,CDV
CorpusChristi,TX,CRP
Cortez,CO,CEZ
Craig,AK,CGA
CrescentCity,CA,CEC
CrookedCreek,AK,CKO
CubeCove,AK,CUW
Cumberland,MD,CBE
Dallas/FortWorth,TX,DFW
Dayton,OH,DAY
DaytonaBeach,FL,DAB
Decatur,IL,DEC
Deering,AK,DRG
DeltaJunction,AK,DJN
Denver,CO-International,DEN
Denver,CO-LongmontBusservice,QWM
DesMoines,IA,DSM
Detroit,MI-Allairports,DTT
Detroit,MI-Metro/WayneCounty,DTW
Devil'sLake,ND,DVL
Dickinson,ND,DIK
Dillingham,AK,DLG
DodgeCity,KS,DDC
Dothan,AL,DHN
Dubois,PA,DUJ
Dubuque,IA,DBQ
Duluth,MN,DLH
Durango,CO,DRO
Durham,NC,RDU
Durham/Raleigh,NC,RDU
DutchHarbor,AK,DUT
Easton,PA,ABE
EauClaire,WI,EAU
EdnaBay,AK,EDA
Eek,AK,EEK
Ekuk,AK,KKU
Ekwok,AK,KEK
ElCentro,CA,IPL
ElDorado,AR,ELD
ElPaso,TX,ELP
ElfinCove,AK,ELV
Elim,AK,ELI
Elko,NV,EKO
Elmira,NY,ELM
Ely,MN,LYU
Emmonak,AK,EMK
Endicott,NY,BGM
Enid,OK,WDG
Erie,PA,ERI
Escanaba,MI,ESC
Eugene,OR,EUG
Eureka/Arcata,CA,ACV
Eureka,NV,EUE
Evansville,IN,EVV
Fairbanks,AK,FAI
Fargo,ND,FAR
Fayetteville,AR-Municipal/Drake,FYV
Fayetteville,AR-NorthwestArkansasRegional,XNA
Fayetteville,NC,FAY
Flagstaff,AZ,FLG
Flint,MI,FNT
Florence,SC,FLO
Florence/MuscleShoals/Sheffield,AL,MSL
FortCollins/Loveland,CO-MunicipalAirport,FNL
FortCollins/Loveland,CO-Busservice,QWF
FortDodge,IA,FOD
FortLauderdale,FL,FLL
FortLeonardWood,MO,TBN
FortMyers,FL,RSW
FortSmith,AR,FSM
FortWaltonBeach,FL,VPS
FortWayne,IN,FWA
FortWorth/Dallas,TX,DFW
Franklin,PA,FKL
Fresno,CA,FAT
Gainesville,FL,GNV
Gallup,NM,GUP
GardenCity,KS,GCK
Gary,IN,GYY
Gillette,WY,GCC
Gladewater/Kilgore,TX,GGG
Glasgow,MT,GGW
Glendive,MT,GDV
Golovin,AK,GLV
GoodnewsBay,AK,GNU
GrandCanyon,AZ-Heliport,JGC
GrandCanyon,AZ-NationalPark,GCN
GrandForks,ND,GFK
GrandIsland,NE,GRI
GrandJunction,CO,GJT
GrandRapids,MI,GRR
GrandRapids,MN,GPZ
Grayling,AK,KGX
GreatFalls,MT,GTF
GreenBay,WI,GRB
Greensboro,NC,GSO
Greenville,MS,GLH
Greenville,NC,PGV
Greenville/Spartanburg,SC,GSP
Groton/NewLondon,CT,GON
Gulfport,MS,GPT
Gunnison,CO,GUC
Gustavus,AK,GST
Hagerstown,MD,HGR
Hailey,ID,SUN
Haines,AK,HNS
Hampton,VA,PHF
Hana,HI-IslandofMaui,HNM
Hanapepe,HI,PAK
Hancock,MI,CMX
Hanover,NH,LEB
Harlingen,TX,HRL
Harrisburg,PA,MDT
Harrison,AR,HRO
Hartford,CT,BDL
Havasupai,AZ,HAE
Havre,MT,HVR
Hayden,CO,HDN
Hays,KS,HYS
HealyLake,AK,HKB
Helena,MT,HLN
Hendersonville,NC,AVL
Hibbing/Chisholm,MN,HIB
Hickory,NC,HKY
HighPoint,NC,GSO
Hilo,HI-IslandofHawaii,ITO
HiltonHead,SC,HHH
Hobbs,NM,HBB
Hollis,AK,HYL
HolyCross,AK,HCR
Homer,AK,HOM
Honolulu,HI-IslandofOahu,HNL
Hoolehua,HI-IslandofMolokai,MKK
Hoonah,AK,HNH
HooperBay,AK,HPB
HotSprings,AR,HOT
Houston,TX-Allairports,HOU
Houston,TX-Hobby,HOU
Houston,TX-Intercontinental,IAH
Hughes,AK,HUS
Huntington,WV/Ashland,HTS
Huntsville,AL,HSV
Huron,SD,HON
Huslia,AK,HSL
Hyannis,MA,HYA
Hydaburg,AK,HYG
IdahoFalls,ID,IDA
Igiugig,AK,IGG
Iliamna,AK,ILI
Imperial,CA,IPL
Indianapolis,IN,IND
InternationalFalls,MN,INL
Inyokern,CA,IYK
IronMountain,MI,IMT
Ironwood,MI,IWD
Islip,NY,ISP
Ithaca,NY,ITH
JacksonHole,WY,JAC
Jackson,MS,JAN
Jackson,TN,MKL
Jacksonville,FL,JAX
Jacksonville,NC,OAJ
Jamestown,ND,JMS
Jamestown,NY,JHW
Janesville,WI,JVL
JohnsonCity,NY,BGM
JohnsonCity,TN,TRI
Johnstown,PA,JST
Jonesboro,AR,JBR
Joplin,MO,JLN
Juneau,AK,JNU
Kahului,HI-IslandofMaui,,OGG
Kake,AK,KAE
Kakhonak,AK,KNK
Kalamazoo,MI,AZO
Kalaupapa,HI-IslandofMolokai,,LUP
Kalskag,AK,KLG
Kaltag,AK,KAL
Kamuela,HI-IslandofHawaii,,MUE
KansasCity,MO,MCI
Kapalua,HI-IslandofMaui,,JHM
Kasaan,AK,KXA
Kasigluk,AK,KUK
KauaiIsland/Lihue,HI,LIH
Kearney,NE,EAR
Keene,NH,EEN
Kenai,AK,ENA
Ketchikan,AK,KTN
KeyWest,FL,EYW
Keystone,CO-Vanservice,QKS
Kiana,AK,IAN
Kilgore/Gladewater,TX,GGG
Killeen,TX,ILE
KingCove,AK,KVC
KingSalmon,AK,AKN
Kingman,AZ,IGM
Kingsport,TN,TRI
Kipnuk,AK,KPN
Kirksville,MO,IRK
Kivalina,AK,KVL
KlamathFalls,OR,LMT
Klawock,AK,KLW
Knoxville,TN,TYS
Kobuk,AK,OBU
Kodiak,AK,ADQ
Kona,HI-IslandofHawaii,KOA
Kongiganak,AK,KKH
Kotlik,AK,KOT
Kotzebue,AK,OTZ
Koyukuk,AK,KYU
Kwethluk,AK,KWT
Kwigillingok,AK,KWK
LaCrosse,WI,LSE
Lafayette,IN,LAF
Lafayette,LA,LFT
LakeCharles,LA,LCH
LakeHavasuCity,AZ,HII
LakeMinchumina,AK,LMA
LanaiCity,HI-IslandofLanai,LNY
Lancaster,PA,LNS
Lansing,MI,LAN
Laramie,WY,LAR
Laredo,TX,LRD
LasVegas,NV,LAS
Latrobe,PA,LBE
Laurel,MS,PIB
Lawton,OK,LAW
Lebanon,NH,LEB
Levelock,AK,KLL
Lewisburg,WV,LWB
Lewiston,ID,LWS
Lewistown,MT,LWT
Lexington,KY,LEX
Liberal,KS,LBL
Lihue,HI-IslandofKaui,LIH
Lincoln,NE,LNK
LittleRock,AR,LIT
LongBeach,CA,LGB
Longview,TX,GGG
LopezIsland,WA,LPS
LosAngeles,CA,LAX
Louisville,KY,SDF
Loveland/FortCollins,CO-MunicipalAirport,FNL
Loveland/FortCollins,CO-Busservice,QWF
Lubbock,TX,LBB
Macon,GA,MCN
Madison,WI,MSN
Madras,OR,MDJ
Manchester,NH,MHT
Manhattan,KS,MHK
Manistee,MI,MBL
Mankato,MN,MKT
ManleyHotSprings,AK,MLY
Manokotak,AK,KMO
Marietta,OH/Parkersburg,PKB
Marion,IL,MWA
Marquette,MI,MQT
Marshall,AK,MLL
Martha'sVineyard,MA,MVY
Martinsburg,PA,AOO
MasonCity,IA,MCW
Massena,NY,MSS
Maui,HI,OGG
Mcallen,TX,MFE
Mccook,NE,MCK
Mcgrath,AK,MCG
Medford,OR,MFR
Mekoryuk,AK,MYU
Melbourne,FL,MLB
Memphis,TN,MEM
Merced,CA,MCE
Meridian,MS,MEI
Metlakatla,AK,MTM
MeyersChuck,AK,WMK
Miami,FL-International,MIA
Miami,FL-SeaPlaneBase,MPB
Midland,MI,MBS
Midland/Odessa,TX,MAF
MilesCity,MT,MLS
Milwaukee,WI,MKE
Minneapolis,MN,MSP
Minot,ND,MOT
Minto,AK,MNT
Mission,TX,MFE
Missoula,MT,MSO
Moab,UT,CNY
Mobile,AL,MOB
Modesto,CA,MOD
Moline,IL,MLI
Monroe,LA,MLU
Monterey,CA,MRY
Montgomery,AL,MGM
Montrose,CO,MTJ
Morgantown,WV,MGW
MosesLake,WA,MWH
MountainHome,AR,WMH
MountainVillage,AK,MOU
MuscleShoals,AL,MSL
Muskegon,MI,MKG
MyrtleBeach,SC,MYR
Nantucket,MA,ACK
Napakiak,AK,WNA
Napaskiak,AK,PKA
Naples,FL,APF
Nashville,TN,BNA
Naukiti,AK,NKI
NelsonLagoon,AK,NLG
NewChenega,AK,NCN
NewHaven,CT,HVN
NewKoliganek,AK,KGK
NewLondon/Groton,GON
NewOrleans,LA,MSY
NewStuyahok,AK,KNW
NewYork,NY-Allairports,NYC
NewYork,NY-Kennedy,JFK
NewYork,NY-LaGuardia,LGA
Newark,NJ,EWR
Newburgh/StewartField,NY,SWF
NewportNews,VA,PHF
Newtok,AK,WWT
Nightmute,AK,NME
Nikolai,AK,NIB
Nikolski,AK,IKO
Noatak,AK,WTK
Nome,AK,OME
Nondalton,AK,NNL
Noorvik,AK,ORV
Norfolk,NE,OFK
Norfolk,VA,ORF
NorthBend,OR,OTH
NorthPlatte,NE,LBF
Northway,AK,ORT
Nuiqsut,AK,NUI
Nulato,AK,NUL
Nunapitchuk,AK,NUP
Oakland,CA,OAK
Odessa/Midland,TX,MAF
Ogdensburg,NY,OGS
OklahomaCity,OK,OKC
Omaha,NE,OMA
Ontario,CA,ONT
OrangeCounty,CA,SNA
Orlando,FL-Herndon,ORL
Orlando,FL-International,MCO
Oshkosh,WI,OSH
Ottumwa,IA,OTM
Owensboro,KY,OWB
Oxnard/Ventura,CA,OXR
PalmSprings,CA,PSP
PanamaCity,FL,PFN
Parkersburg,WV/Marietta,PKB
Pasco,WA,PSC
PedroBay,AK,PDB
Pelican,AK,PEC
Pellston,MI,PLN
Pendleton,OR,PDT
Pensacola,FL,PNS
Peoria,IL,PIA
Perryville,AK,KPV
Petersburg,AK,PSG
Philadelphia,PA-International,PHL
Philadelphia,PA-Trenton/MercerNJ,TTN
Phoenix,AZ,PHX
Pierre,SD,PIR
PilotPoint,AK-UgashnikBay,UGB
PilotPoint,AK,PIP
PilotStation,AK,PQS
Pittsburgh,PA,PIT
Platinum,AK,PTU
Plattsburgh,NY,PLB
Pocatello,ID,PIH
PointBaker,AK,KPB
PointHope,AK,PHO
PointLay,AK,PIZ
PoncaCity,OK,PNC
Ponce,PuertoRico,PSE
PortAlsworth,AK,PTA
PortAngeles,WA,CLM
PortArthur/Beaumont,TX,BPT
PortClarence,AK,KPC
PortHeiden,AK,PTH
PortMoller,AK,PML
PortProtection,AK,PPV
PortageCreek,AK,PCA
Portland,ME,PWM
Portland,OR,PDX
Portsmouth,NH,PSM
Poughkeepsie,NY,POU
Prescott,AZ,PRC
PresqueIsle,ME,PQI
Princeton,WV,BLF
Providence,RI,PVD
Provincetown,MA,PVC
PrudhoeBay/Deadhorse,AK,SCC
Pueblo,CO,PUB
Pullman,WA,PUW
Quincy,IL,UIN
Quinhagak,AK,KWN
Raleigh/Durham,NC,RDU
Rampart,AK,RMP
RapidCity,SD,RAP
Reading,PA,RDG
RedDevil,AK,RDV
Redding,CA,RDD
Redmond,OR,RDM
Reno,NV,RNO
Rhinelander,WI,,RHI
Richmond,VA,RIC
Riverton,WY,RIW
Roanoke,VA,ROA
RocheHarbor,WA,RCE
Rochester,MN,RST
Rochester,NY,ROC
RockSprings,WY,RKS
Rockford,IL-Park&amp;RideBus,ZRF
Rockford,IL-VanGalderBus,ZRK
Rockland,ME,RKD
Rosario,WA,RSJ
Roswell,NM,ROW
Ruby,AK,RBY
RussianMission,AK,RSH
Rutland,VT,RUT
Sacramento,CA,SMF
Saginaw,MI,MBS
SaintCloud,MN,STC
SaintGeorgeIsland,AK,STG
SaintGeorge,UT,SGU
SaintLouis,MO,STL
SaintMary's,AK,KSM
SaintMichael,AK,SMK
SaintPaulIsland,AK,SNP
Salem,OR,SLE
Salina,KS,SLN
Salisbury-OceanCity,MD,SBY
SaltLakeCity,UT,SLC
SanAngelo,TX,SJT
SanAntonio,TX,SAT
SanDiego,CA,SAN
SanFrancisco,CA,SFO
SanJose,CA,SJC
SanJuan,PuertoRico,SJU
SanLuisObispo,CA,SBP
SandPoint,AK,SDP
SantaAna,CA,SNA
SantaBarbara,CA,SBA
SantaFe,NM,SAF
SantaMaria,CA,SMX
SantaRosa,CA,STS
SaranacLake,NY,SLK
Sarasota,FL,SRQ
SaultSteMarie,MI,CIU
Savannah,GA,SAV
Savoonga,AK,SVA
ScammonBay,AK,SCM
Scottsbluff,NE,BFF
Scottsdale,AZ,SDL
Scranton,PA,AVP
Seattle,WA-LakeUnionSPB,LKE
Seattle,WA-Seattle/TacomaInternational,SEA
Selawik,AK,WLK
Seward,AK,SWD
Shageluk,AK,SHX
Shaktoolik,AK,SKK
Sheffield/Florence/MuscleShoals,AL,MSL
SheldonPoint,AK,SXP
Sheridan,WY,SHR
Shishmaref,AK,SHH
Shreveport,LA,SHV
Shungnak,AK,SHG
SilverCity,NM,SVC
SiouxCity,IA,SUX
SiouxFalls,SD,FSD
Sitka,AK,SIT
Skagway,AK,SGY
Sleetmore,AK,SLQ
SouthBend,IN,SBN
SouthNaknek,AK,WSN
SouthernPines,NC,SOP
Spartanburg/Greenville,SC,GSP
Spokane,WA,GEG
Springfield,IL,SPI
Springfield,MO,SGF
StPetersburg/Clearwater,FL,PIE
StateCollege/UniversityPark,PA,SCE
Staunton,VA,SHD
SteamboatSprings,CO,SBS
Stebbins,AK,WBB
StevensPoint/Wausau,WI,CWA
StevensVillage,AK,SVS
StewartField/Newburgh,NY,SWF
Stockton,CA,SCK
StonyRiver,AK,SRV
SunValley,ID,SUN
Syracuse,NY,SYR
Takotna,AK,TCT
Talkeetna,AK,TKA
Tallahassee,FL,TLH
Tampa,FL,TPA
Tanana,AK,TAL
Taos,NM,TSM
Tatitlek,AK,TEK
TellerMission,AK,KTS
Telluride,CO,TEX
TenakeeSprings,AK,TKE
TerreHaute,IN,HUF
Tetlin,AK,TEH
Texarkana,AR,TXK
ThiefRiverFalls,MN,TVF
ThorneBay,AK,KTB
TinCity,AK,TNC
TogiakVillage,AK,TOG
Tok,AK,TKJ
ToksookBay,AK,OOK
Toledo,OH,TOL
Topeka,KS,FOE
TraverseCity,MI,TVC
Trenton/Mercer,NJ,TTN
Tucson,AZ,TUS
Tulsa,OK,TUL
Tuluksak,AK,TLT
Tuntutuliak,AK,WTL
Tununak,AK,TNK
Tupelo,MS,TUP
Tuscaloosa,AL,TCL
TwinFalls,ID,TWF
TwinHills,AK,TWA
Tyler,TX,TYR
Unalakleet,AK,UNK
Urbana/Champaign,IL,CMI
Utica,NY,UCA
UtopiaCreek,AK,UTO
Vail,CO-EagleCountyAirport,EGE
Vail,CO-Vanservice,QBF
Valdez,AK,VDZ
Valdosta,GA,VLD
Valparaiso,FL,VPS
Venetie,AK,VEE
Ventura/Oxnard,CA,OXR
Vernal,UT,VEL
Victoria,TX,VCT
Visalia,CA,VIS
Waco,TX,ACT
Wainwright,AK,AIN
Wales,AK,WAA
WallaWalla,WA,ALW
WashingtonDC-Allairports,,WAS
WashingtonDC-Dulles,,IAD
WashingtonDC-National,,DCA
Waterfall,AK,KWF
Waterloo,IA,ALO
Watertown,NY,ART
Watertown,SD,ATY
Wausau/StevensPoint,WI,CWA
Wenatchee,WA,EAT
WestPalmBeach,FL,PBI
WestYellowstone,MT,WYS
WestchesterCounty,NY,HPN
Westerly,RI,WST
Westsound,WA,WSX
WhalePass,AK,WWP
WhiteMountain,AK,WMO
WhiteRiver,VT,LEB
WichitaFalls,TX,SPS
Wichita,KS,ICT
WilkesBarre,PA,AVP
Williamsburg,VA,PHF
Williamsport,PA,IPT
Williston,ND,ISN
Wilmington,NC,ILM
WindsorLocks,CT,BDL
Worcester,MA,ORH
Worland,WY,WRL
Wrangell,AK,WRG
Yakima,WA,YKM
Yakutat,AK,YAK
Yellowstone/Cody,WY,COD
Youngstown,OH,YNG
Yuma,AZ,YUM
Abbotsford,BC,YXX
Akulivik,QC,AKV
Aldershot,ON-Railservice,XLY
Alexandria,ON-Railservice,XFS
Alma,QC,YTF
AnahimLake,BC,YAA
AnglingLake,ON,YAX
ArcticBay,NU,YAB
Arviat,NU,YEK
Attawapiskat,ON,YAT
Aupaluk,QC,YPJ
Bagotville,QC,YBG
BaieComeau,QC,YBC
BakerLake,NU,YBK
Bathhurst,NB,ZBF
BearskinLake,ON,XBE
BellaBella,BC,ZEL
BellaCoola,BC,QBC
Belleville,ON-Railservice,XVV
BerensRiver,MB,YBV
BigTrout,ON,YTL
BlackTickle,NL,YBI
BlancSablon,QC,YBX
Bonaventure,QC,YVB
Brampton,ON-Railservice,XPN
Brandon,MB,YBR
Brantford,ON-Railservice,XFV
Brochet,MB,YBT
Brockville,ON,XBR
BurnsLake,BC,YPZ
Calgary,AB,YYC
CambridgeBay,NU,YCB
CampbellRiver,BC,YBL
Campbellton,NB-Railservice,XAZ
CapeDorset,NU,YTE
Capreol,ON-Railservice,XAW
Cartwright,NL,YRF
Casselman,ON-Railservice,XZB
Castlegar,BC,YCG
CatLake,ON,YAC
Chambord,QC-Railservice,XCI
Chandler,QC-Railservice,XDL
Chapleau,ON,YLD
Charlottetown,NL,YHG
Charlottetown,PE,YYG
Chatham,ON,XCM
Chemainus,BC-Railservice,XHS
ChesterfieldInlet,NU,YCS
Chevery,QC,YHR
Chibougamau,QC,YMT
Chisasibi,QC,YKU
ChurchillFalls,NL,ZUM
Churchill,MB-Railservice,XAD
Churchill,MB,YYQ
ClydeRiver,NU,YCY
Cobourg,ON-Railservice,XGJ
ColvilleLake,NT,YCK
Comox,BC,YQQ
CoralHarbour,NU,YZS
Cornwall,ON,YCC
Coteau,QC-Railservice,XGK
Courtenay,BC,YCA
Cranbrook,BC,YXC
CrossLake,MB,YCR
Dauphin,MB,YDN
DavisInlet,NL,YDI
DawsonCity,YT,YDA
DawsonCreek,BC,YDQ
DeerLake,NL,YDF
DeerLake,ON,YVZ
Deline,NT,YWJ
Drummondville,QC-Railservice,XDM
Dryden,ON,YHD
Duncan/Quam,BC,DUQ
EastMain,QC,ZEM
Edmonton,AB-Railservice,XZL
Edmonton,AB-International,YEG
Esquimalt,BC,YPF
FlinFlon,MB,YFO
FondduLac,SK,ZFD
FortAlbany,ON,YFA
FortChipewyan,AB,YPY
FortFrances,ON,YAG
FortGoodHope,NT,YGH
FortHope,ON,YFH
FortMcmurray,AB,YMM
FortNelson,BC,YYE
FortSevern,ON,YER
FortSimpson,NT,YFS
FortSmith,NT,YSM
FortStJohn,BC,YXJ
FoxHarbour/StLewis,NL,YFX
FrederictonJunction,NB-Railservice,XFC
Fredericton,NB,YFC
Gander,NL,YQX
Gaspe,QC-Railservice,XDD
Gaspe,QC,YGP
Georgetown,ON-Railservice,XHM
Gethsemani,QC,ZGS
Gillam,MB,YGX
GilliesBay,BC,YGB
GjoaHaven,NU,YHK
Glencoe,ON-Railservice,XZC
GodsNarrows,MB,YGO
GodsRiver,MB,ZGI
GooseBay,NL,YYR
GrandePrairie,AB,YQU
Grimsby,ON,XGY
GriseFiord,NU,YGZ
Guelph,ON-Railservice,XIA
Halifax,NS-Railservice,XDG
Halifax,NS-International,YHZ
HallBeach,NU,YUX
Hamilton,ON,YHM
HavreStPierre,QC,YGV
HayRiver,NT,YHY
Hervey,QC-Railservice,XDU
HighLevel,AB,YOJ
Holman,NT,YHI
Hopedale,NL,YHO
Houston,BC-Busstation,ZHO
HudsonBay,SK,YHB
Igloolik,NU,YGT
IlesDeLaMadeleine,QC,YGR
Ilford,MB,ILF
Ingersoll,ON-Railservice,XIB
Inukjuak,QC,YPH
Inuvik,NT,YEV
Iqaluit,NU,YFB
IslandLake/GardenHill,,YIV
Ivujivik,QC,YIK
Jasper,AB-Railservice,XDH
Joliette,QC-Railservice,XJL
Jonquiere,QC-Railservice,XJQ
Kamloops,BC,YKA
Kangiqsualujjuaq,QC,XGR
Kangiqsujuaq,QC,YWB
Kangirsuk,QC,YKG
Kapuskasing,ON,YYU
Kasabonika,ON,XKS
Kaschechewan,ON,ZKE
Keewaywin,ON,KEW
Kegaska,QC,ZKG
Kelowna,BC,YLW
Kenora,ON,YQK
Kimmirut/LakeHarbourNU,,YLC
KingfisherLake,ON,KIF
Kingston,ON-Railservice,XEG
Kingston,ON-NormanRogersAirport,YGK
Kitchener,ON,YKF
Klemtu,BC,YKT
Kugaaruk,NU,YBB
Kugluktuk/Coppermine,NU,YCO
Kuujjuaq,QC,YVP
Kuujjuarapik,QC,YGW
LaGrande,QC,YGL
LaRonge,SK,YVC
LaTabatiere,QC,ZLT
LaTuque,QC,YLQ
LacBrochet,MB,XLB
LacEdouard,QC-Railservice,XEE
Ladysmith,BC-Railservice,XEH
Langford,BC-Railservice,XEJ
LansdowneHouse,ON,YLH
LeafRapids,MB,YLR
Lethbridge,AB,YQL
Lloydminister,AB,YLL
London,ON-Railservice,XDQ
London,ON-MunicipalAirport,YXU
Lutselke/Snowdrift,NT,YSG
Mary'sHarbour,NL,YMH
Maxville,ON-Railservice,XID
MedicineHat,AB,YXH
Melville,SK-Railservice,XEK
Miramichi,NB-Railservice,XEY
Moncton,NB-Railservice,XDP
Moncton,NB-Airport,YQM
MontJoli,QC,YYY
Montreal,QC-DorvalRailservice,XAX
Montreal,QC-DowntownRailservice,YMY
Montreal,QC-StLambertRailservice,XLM
Montreal,QC-allairports,YMQ
Montreal,QC-Dorval,YUL
Montreal,QC-Mirabel,YMX
Moosonee,ON,YMO
MuskratDam,ON,MSA
Nain,NL,YDP
Nakina,ON,YQN
Nanaimo,BC-HarbourAirport,ZNA
Nanaimo,BC-CassidyAirport,YCD
Nanisivik,NU,YSR
Napanee,ON-Railservice,XIF
Natashquan,QC,YNA
Nemiscau,QC,YNS
NewCarlisle,QC-Railservice,XEL
NewRichmond,QC-Railservice,XEM
NiagaraFalls,ON-Railservice,XLV
Noranda/Rouyn,QC,YUY
NormanWells,NT,YVQ
NorthBay,ON,YYB
NorthSpiritLake,ON,YNO
NorwayHouse,MB,YNE
Ogoki,ON,YOG
OldCrow,YT,YOC
OpapamiskaLake,ON,YBS
Oshawa,ON,YOO
Ottawa,ON-Railservice,XDS
Ottawa,ON-International,YOW
OxfordHouse,MB,YOH
Pakuashipi,QC,YIF
Pangnirtung,NU,YXP
Parent,QC-Railservice,XFE
Parksville,BC-Railservice,XPB
Paulatuk,NT,YPC
PeaceRiver,AB,YPE
Peawanuck,ON,YPO
Pembroke,ON,YTA
Penticton,BC,YYF
Perce,QC-Railservice,XFG
PickleLake,ON,YPL
Pikangikum,ON,YPM
Pointe-aux-Trembles,QC-Railservice,XPX
PointsNorthLanding,SK,YNL
PondInlet,NU,YIO
PoplarHill,ON,YHP
PortAlberni,BC,YPB
PortHardy,BC,YZT
PortHopeSimpson,NL,YHA
PortMeiner,QC,YPN
Postville,NL,YSO
Povungnituk,QC,YPX
PowellRiver,BC,YPW
Prescott,ON-Railservice,XII
PrinceAlbert,SK,YPA
PrinceGeorge,BC-Railservice,XDV
PrinceGeorge,BC,YXS
PrinceRupert,BC-Railservice,XDW
PrinceRupert,BC-DigbyIslandAirport,YPR
Pukatawagan,MB-,XPK
Qikiqtarjuaq,NU,YVM
Qualicum,BC,XQU
Quaqtaq,QC,YQC
Quebec,QC-InternationalAirport,YQB
Quebec,QC-CharnyRailservice,YFZ
Quebec,QC-LevisRailservice,XLK
Quebec,QC-QuebecStationRailservice,XLJ
Quebec,QC-Sainte-FoyRailservice,XFY
Quesnel,BC,YQZ
RaeLakes,NT,YRA
RainbowLake,AB,YOP
RankinInlet,NU,YRT
RedLake,ON,YRL
RedSuckerLake,MB,YRS
Regina,SK,YQR
RepulseBay,NU,YUT
Resolute,NU,YRB
Rigolet,NL,YRG
Rimouski,QC,YXK
Riviere-a-Pierre,QC-Railservice,XRP
Roberval,QC,YRJ
RoundLake,ON,ZRJ
Rouyn/Noranda,QC,YUY
SachigoLake,ON,ZPB
SachsHarbour,NT,YSY
Sackville,NB-Railservice,XKV
SaintHyacinthe,QC-Railservice,XIM
SaintJohn,NB,YSJ
SaintJohns,NL,YYT
SaintLeonard,NB,YSL
Salluit,QC,YZG
SandyLake,ON,ZSJ
Sanikiluaq,NU,YSK
Sarnia,ON-Railservice,XDX
Sarnia,ON,YZR
Saskatoon,SK,YXE
SaultSte-Marie,ON,YAM
Schefferville,QC,YKL
Senneterre,QC-Railservice,XFK
Sept-Iles,QC,YZV
Shamattawa,MB,ZTM
Shawinigan,QC-Railservice,XFL
Shawnigan,BC-Railservice,XFM
SiouxLookout,ON,YXL
SmithFalls,ON,YSH
Smithers,BC,YYD
SnareLake,NT,YFJ
SouthIndianLake,MB,XSI
StAnthony,NL,YAY
StCatharines,ON,YCM
StMarys,ON-Railservice,XIO
SteTheresePoint,MB,YST
Stephenville,NL,YJT
StonyRapids,SK,YSF
Strathroy,ON-Railservice,XTY
Sudbury,ON-Railservice,XDY
Sudbury,ON,YSB
SummerBeaver,ON,SUR
SwanRiver,MB,ZJN
Sydney,NS,YQY
TadouleLake,MB,XTL
Taloyoak,NU,YYH
Tasiujuaq,QC,YTQ
Terrace,BC,YXT
Tete-a-LaBaleine,QC,ZTB
ThePas,MB-Railservice,XDZ
ThePas,MB,YQD
ThicketPortage,MB,YTD
Thompson,MB,YTH
ThunderBay,ON,YQT
Timmins,ON,YTS
Tofino,BC,YAZ
Toronto,ON-DowntownRailservice,YBZ
Toronto,ON-GuildwoodRailservice,XLQ
Toronto,ON-TorontoIslandAirport,YTZ
Toronto,ON-International,YYZ
Truro,NS-Railservice,XLZ
Tuktoyaktuk,NT,YUB
Tulita/FortNorman,NT,ZFN
Umiujag,QC,YUD
UraniumCity,SK,YBE
Val-d'Or,QC,YVO
Vancouver,BC-CoalHarbour,CXH
Vancouver,BC-Railservice,XEA
Vancouver,BC-International,YVR
Victoria,BC-InnerHarbor,YWH
Victoria,BC-International,YYJ
Wabush,NL,YWK
Waskaganish,QC,YKQ
Watford,ON-Railservice,XWA
Webequie,ON,YWP
Wemindji,QC,YNC
Weymont,QC-Railservice,XFQ
WhaTi/LacLaMartre,NT,YLE
WhaleCove,NU,YXN
WhiteRiver,ON,YWR
Whitehorse,YT,YXY
WilliamsHarbour,NL,YWM
WilliamsLake,BC,YWL
Windsor,ON-Railservice,XEC
Windsor,ON,YQG
Winnipeg,MB-Railservice,XEF
Winnipeg,MB-International,YWG
WollastonLake,SK,ZWL
Woodstock,ON-Railservice,XIP
WunnumminLake,ON,WNN
Wyoming,ON-Railservice,XWY
Yarmouth,NS,YQI
Yellowknife,NT,YZF
YorkLanding,MB,ZAC
Aalborg,Denmark,AAL
Aalesund,Norway,AES
Aarhus,Denmark-Busservice,ZID
Aarhus,Denmark-Tirstrup,AAR
Aasiaat,Greenland,JEG
Abadan,Iran,ABD
Abakan,Russia,ABA
Aberdeen,UnitedKingdom,ABZ
Abha,SaudiArabia,AHB
Abidjan,Coted'Ivoire,ABJ
AbuDhabi,UnitedArabEmirates,AUH
AbuSimbel,Egypt,ABS
Abuja,Nigeria,ABV
Acapulco,Mexico,ACA
Acarigua,Venezuela,AGV
Accra,Ghana,ACC
Adana,Turkey,ADA
AddisAbaba,Ethopia,ADD
Adelaide,Australia,ADL
Aden,Yemen,ADE
Adler/Sochi,Russia,AER
Adrar,Algeria,AZR
Afutara,SolomanIslands,AFT
Agadir,Morocco,AGA
Agartala,India,IXA
Agaun,PapuaNewGuinea,AUP
Agen,France,AGF
Agra,India,AGR
Agri,Turkey,AJI
Aguadilla,PuertoRico,BQN
Aguascalientes,Mexico,AGU
Aguni,Japan,AGJ
Ahmedabad,India,AMD
Ahwaz,Iran,AWZ
AilukIsland,MarshallIslands,AIM
AiounElAtrouss,Mauritania,AEO
Airok,MarshallIslands,AIC
Aitutaki,CookIslands,AIT
Aizawl,India,AJL
Ajaccio,France,AJA
Akita,Japan,AXT
Aksu,China,AKU
Aktyubinsk,Kazakhstan,AKX
Akureyri,Iceland,AEY
AlAin,UnitedArabEmirates,AAN
AlArish,Egypt,AAC
AlGhaydah,Yemen,AAY
AlHoceima,Morocco,AHU
Al-Baha,SaudiArabia,ABT
Albury,Australia,ABX
Alderney,UnitedKingdom,ACI
Aleppo,SyrianArabRepublic,ALP
AlexanderBay,SouthAfrica,ALJ
Alexandria,Egypt,ALY
Alexandroupolis,Greece,AXD
Al-Fujairah,UnitedArabEmirates,FJR
Alghero,Italy,AHO
Algiers,Algeria,ALG
Alicante,Spain,ALC
AliceSprings,Australia,ASP
Almaty,Kazakhstan,AKX
Almeria,Spain,LEI
AlorIsland,Indonesia,ARD
Alorsetar,Malaysia,AOR
Alotau,PapuaNewGuinea,GUR
Alta,Norway,ALF
Altamira,Brazil,ATM
Altay,China,AAT
Altenrhein,Switzerland,ACH
AltoRioSenguerr,Argentina,ARR
AmamiOShima,Japan,ASJ
AmazonBay,PapuaNewGuinea,AZB
Ambanja,Madagascar,IVA
Ambatomainty,Madagascar,AMY
Ambatondrazaka,Madagascar,WAM
Ambon,Indonesia,AMQ
Amboseli,Kenya,ASV
Amderma,Russia,AMV
Amman,Jordan-QueenAliaInternational,AMM
Amman,Jordan-Civil/MarkaAirport,ADJ
Amritsar,India,ATQ
Amsterdam,Netherlands,AMS
Anadyr,Russia,DYR
Analalava,Madagascar,HVA
Anapa,Russia,AAQ
Ancona,Italy,AOI
Andenes,Norway,ANX
Andizhan,Uzbekistan,AZN
Andros,Bahamas,ASD
Aneityum,Vanuatu,AUY
Angelholm/Helsingborg,Sweden,JHE
Angers,France-Marce,ANE
Angers,France-Railservice,QXG
Anggi,Indonesia,AGD
Anging,China,AQG
Angouleme,France,ANG
Anguilla,Anguilla,AXA
Aniwa,Vanuatu,AWD
Ankang,China,AKA
Ankara,Turkey-Esenboga,ESB
Ankara,Turkey-Etimesqut,ANK
Ankavandra,Madagascar,JVA
Annaba,Algeria,AAE
Annecy,France,NCY
Antalaha,Madagascar,ANM
Antalya,Turkey,AYT
Antaninvarivo,Madgascar,TNR
Antigua,AntiguaandBarbuda,ANU
Antofagasta,Chile,ANF
Antsalova,Madagascar,WAQ
Antsiranana,Madagascar,DIE
Antsohihy,Madagascar,WAI
Antwerp,Belgium-DeurneAirport,ANR
Antwerp,Belgium-Busservice,ZAY
Aomori,Japan,AOJ
Aosta,Italy,AOT
Apartado,Colombia,APO
Apia,WesternSamoa,APW
Apia,WesternSamoa,FGI
Aqaba,Jordan,AQJ
Araca,Brazil,AJU
Aracatuba,Brazil,ARU
Arad,Romania,ARW
Aragip,PapuaNewGuinea,ARP
Araguaina,Brazil,AUX
Arapoti,Brazil,AAG
Arar,SaudiArabia,RAE
Arauca,Colombia,AUC
ArbaMintch,Ethiopia,AMH
Ardabil,Iran,ADU
Arequipa,Peru,AQP
Argelholm/Helsingborg,Sweden,AGH
Argyle,Australia,GYL
Arica,Chile,ARI
Arkangelsk,Russia,ARH
Armenia,Colombia,AXM
Armidale,Australia,ARM
Arthur'sTown,Bahamas,ATC
Arua,Uganda,RUA
Aruba,Aruba,AUA
Arusha,Tanzania,ARK
Arvidsjaur,Sweden,AJR
Asahikawa,Japan,AKJ
Ashgabat,Turkmenistan,ASB
Asmara,Eritrea,ASM
Asosa,Ethopia,ASO
Assiut,Egypt,ATZ
Astana,Kazakhstan,TSE
Astrakhan,Russia,ASF
Asturias,SpainandCanaryIslands,OVD
Asuncion,Paraguay,ASU
Aswan,Egypt,ASW
Ataq,Yemen,AXK
Athens,Greece,ATH
AtiuIsland,CookIslands,AIU
Atoifi,SolomonIslands,ATD
Atuona,FrenchPolynesia,AUQ
Atyrau,Kazakhstan,GUW
Auckland,NewZealand,AKL
Augsburg/Munich,Germany,AGB
Auki,SolomonIslands,AKS
AurIsland,MarshallIslands,AUL
Aurangabad,India,IXU
Aurillac,France,AUR
Aurukun,Australia,AUU
Avignon,France,AVN
Ayawaki,Indonesia,AYW
AyersRock,Australia,AYQ
Babo,Indonesia,BXB
Bacolod,Philippines,BCD
Badajcz,Spain,BJZ
Bade,Indonesia,BXD
BaduIsland,Australia,BDD
Bagdogra,India,IXB
Baharpar,Ethiopia,BJR
Bahawalpur,Pakistan,BHV
BahiaBlanca,Argentina,BHI
BahiaPinas,Panama,BFQ
BahiaSolano,Colombia,BSC
Bahrain,Bahrain,BAH
BaiaMare,Romania,BAY
Baimuru,PapuaNewGuinea,VMU
Baku,Azerbaijan,BAK
Balalae,SolomonIslands,BAS
Balikesir,Turkey,BZI
Balikpapan,Indonesia,BPN
Balimo,PapuaNewGuinea,OPU
Ballina,Australia,BNK
Balmaceda,Chile,BBA
Bam,Iran,BXR
Bamaga,Australia,ABM
Bamako,Mali,BKO
BandaAceh,Indonesia,BTJ
BandarAbbas,Iran,BND
BandarLampung,Indonesia-Branti,TKG
BandarLengeh,Iran,BDH
BandarSeriBegawan,Brunei,BWN
Bandung,Indonesia,BDO
Bangalore,India,BLR
Bangda,China,BPX
Bangkok,Thailand,BKK
BanjaLuka,BosniaHerzegovina,BNX
Banjarmasin,Indonesia,BDJ
Banjul,Gambia,BJL
Banmethuot,VietNam-Phung-Doc,BMV
Bannu,Pakistan,BNP
Banqui,CentralAfricanRepublic,BGF
Baoshan,China,BSD
Baotou,China,BAV
Baracoa,Cuba,BCA
Barcaldine,Australia,BCI
Barcelona,Spain,BCN
Barcelona,Venezuela,BLA
Bardufoss,Norway,BDU
Bari,Italy,BRI
Barinas,Venezuela,BNS
Bario,Malaysia,BBN
Barisal,Bangladesh,BZL
Barnaul,Russia,BAX
Barquisimeto,Venezuela,BRM
BarraColorado,CostaRica,BCL
Barra,UnitedKingdom,BRR
BarranCabermeja,Colombia,EJA
Barranquilla,Colombia,BAQ
Barreiras,Brazil,BRA
Basco,Philippines,BSO
Basel,Switzerland,BSL
Basel/MulhouseRailwayStation,Switzerland,ZDH
Bashehr,Iran,BUZ
Bastia,France,BIA
Batam,Indonesia,BTH
BathurstIsland,Australia,BRT
Bathurst,Australia,BHS
Batman,Turkey,BAL
Batna,Algeria,BLJ
Batom,Indonesia,BXM
Batsfijord,Norway,BJF
Battambang,Cambodia,BBM
Batumi,Georgia,BUS
Batuna,SolomonIslands,BPF
Bauru,Brazil,BAU
Bayamo,Cuba,BYM
Bayreuth,Germany,BYU
Bechar,Algeria,CBH
Bedourie,Australia,BEU
BeefIsland,BritishVirginIslands,EIS
Beica,Ethiopia,BEI
Beida,Libya-LaBraq,LAQ
Beihai,China,BHY
Beijing,China,PEK
Beira,Mozambique,BEW
Beirut,Lebanon,BEY
Bejaia,Algeria,BJA
Belaga,Mozambique,BLG
Belem,Brazil,BEL
BelepIsland,NewCaledonia,BMY
Belfast,UnitedKingdom,BFS
Belfast,UnitedKingdom,BHD
Belgorod,Russia,EGO
Belgrade,SerbiaandMontenegro-Beograd,BEG
BelizeCity,Belize-International,BZE
BelizeCity,Belize-Municipal,TZA
Bellona,SolomonIslands,BNY
Belo,Madagascar,BMD
BeloHorizonte,Brazil-TancredoNevesIntl.,CNF
BeloHorizonte,Brazil-Pampulha,PLU
Benbecula,UnitedKingdom,BEB
Benghazi,Libya,BEN
Bengkulu,Indonesia,BKS
Berau,Indonesia,BEJ
Berbera,Somalia,BBO
Bergen,Norway,BGO
Bergerac,France,EGC
Berlevag,Norway,BVG
Berlin,Germany-Allairports,BER
Berlin,Germany-Tegel,TXL
Berlin,Germany-Tempelhof,THF
Berlin,Germany-Schoenefeld,SXF
Bermuda,Bermuda,BDA
Berne,Switzerland-BelpAirport,BRN
Berne,Switzerland-Railservice,ZDJ
Besalampy,Madagascar,BPY
Beziers,France,BZR
Bhadrapur,Nepal,BDP
Bhairawa,Nepal,BWA
Bhamo,Myanmar,BMO
Bharatpur,Nepal,BHR
Bhavnagar,India,BHU
Bhopal,India,BHO
Bhubaneswar,India,BBI
Bhuj,India,BHJ
Biak,Indonesia,BIK
Biarritz,France,BIQ
BikiniAtoll,MarshallIslands,BII
Bilbao,Spain,BIO
Billund,Denmark,BLL
Bima,Indonesia,BMU
Bimini,Bahamas,BIM
Bimini,Bahamas,NSB
Bintulu,Malaysia,BTU
Bintuni,Indonesia,NTI
Biratragar,Nepal,BIR
Birdsville,Australia,BVI
Birmingham,UnitedKingdom,BHX
Bisha,SaudiArabia,BHH
Bishkek,Kyrgyzstan,FRU
Biskra,Algeria,BSK
Bissau,Guinea-Bissau,OXB
Blackall,Australia,BKQ
Blackpool,UnitedKingdom,BLK
Blackwater,Australia,BLT
Blagoveschensk,Russia,BQS
Blantyre,Malawi,BLZ
Blenheim,NewZealand,BHE
BloHorizonte,Brazil,CNF
Bloemfontein,SouthAfrica,BFN
BoaVista,CapeVerde,BVC
Boang,PapuaNewGuinea,BOV
Boavista,Brazil,BVB
BocasDelToro,Panama,BOC
Bodo,Norway,BOO
Bodrum,Turkey,BJV
Bogota,Colombia,BOG
BoijuIsland,Australia,GIC
Bojnord,Iran,BJB
Bokondini,Indonesia,BUI
Bol,Croatia,BWK
Bolzano,Italy,BZO
Boma,Congo,BOA
Bombay,India,BOM
Bonaire,NetherlandsAntilles,BON
Bonn,Germany,BNJ
BoraBora,FrenchPolynesia,BOB
Bordeaux,France,BOD
BorgElArab,Egypt,HBE
Borkum,Germany,BMK
Borlange,Sweden,BLE
Bornholm,Denmark,RNN
Borroloola,Australia,BOX
Bossaro,Somalia,BSA
Boulia,Australia,BQL
Bourgas,Bulgaria,BOJ
Bourke,Australia,BRK
Bournemouth,UnitedKingdom,BOH
Brack,Libya,BCQ
BramptonIsland,Australia,BMP
Brasilia,Brazil,BSB
Bratislava,Slovakia,BTS
Bratsk,Russia,BTK
Braunschweig,Denmark,BWE
Brazzaville,Congo,BZV
Bremen,Germany,BRE
Brest,France,BES
Brewarrina,Australia,BWQ
Bridgetown,Barbados,BGI
Brindisi,Italy,BDS
Brisbane,Australia,BNE
Bristol,UnitedKingdom,BRS
Brive-La-Gaillarde,France-LarocheBVE
Brno,CzechRepublic-Turany,BRQ
Brno,CzechRepublic-Busservice,ZDN
BrokenHill,Australia,BHQ
Bronnoysund,Norway,BNN
Broome,Australia,BME
BrusLaguna,Honduras,BHG
Brussels,Belgium-National,BRU
Brussels,Belgium-Railservice,ZYR
Brussels,Belguim-Charleroi,CRL
Bucaramanga,Colombia,BGA
Bucharest,Romania-Baneasa,BBU
Bucharest,Romania-OtopeniInternational,OTP
Budapest,Hungary,BUD
BuenosAires,Argentina-JorgeNewbery,AEP
BuenosAires,Argentina-MinistroPistarini,EZE
Bugulma,Russia,UUA
Bujumbura,Burundi,BJM
Buka,PapuaNewGuinea,BUA
Bukhara,Uzbekistan,BHK
Bukoba,Malaysia,BKZ
Bulawayo,Zimbabwe,BUQ
Bulgulma,Russia,UUA
Bundaberg,Australia,BDB
Bunsil,PapuaNewGuinea,BXZ
Burao,Somalia,BUO
Bureta,Fiji,LEV
BuriRam,Thailand,BFV
Burketown,Australia,BUC
Burnie,Australia,BWT
Busan,SouthKorea-Gimhae,PUS
Butuan,Philippines,BXU
Bydgoszcz,Poland,BZG
CaboSanLucas,Mexico,SJD
Caen,France,CFR
CagayanDeOro,Philippines-Lumbia,CGY
Cagliari,Italy,CAG
Cairns,Australia,CNS
Cairo,Egypt,CAI
Cajamarca,Peru,CJA
Calabar,Nigeria,CBQ
Calama,Chile,CJC
Calcutta,India,CCU
Cali,Colombia,CLO
Calvi,France,CLY
Camaguey,Cuba,CMW
Cambridge,UnitedKingdom,CBG
Camodoro,Argentina,CRD
Campbeltown,UnitedKingdom,CAL
Campeche,Mexico,CPE
CampinaGrande,Brazil,CPV
Campinas,Brazil,CPQ
CampoGrande,Brazil,CGR
Campos,Brazil,CAW
Canaima,Venezuela,CAS
Canberra,Australia,CBR
Cancun,Mexico,CUN
Cannes,France-Mandelieu,CEQ
Cannes,France-CoisetteHeliport,JCA
Cannes,France-VieuxPort,QYW
Canouan,SaintVincentandtheGrenadines,CIW
CapHaitien,Haiti,CAP
CapeOrford,PapuaNewGuinea,CPI
CapeTown,SouthAfrica,CPT
CapeVogel,PapuaNewGuinea,CVL
Caracas,Venezuela,CCS
Carajas,Brazil,CKS
Carcassonne,France,CCF
Cardiff,UnitedKingdom,CWL
Carnarvon,Australia,CVQ
Carrillo,CostaRica,RIK
Cartagena,Colombia,CTG
Carupani,Venezuela,CUP
Casablanca,Morocco-Anfa,CAS
Casablanca,Morocco-MohamedV,CMN
Cascavel,Brazil,CAC
Casino,Australia,CSI
Castaway,Fiji,CST
Castres,France,DCM
Catamarca,Argentina,CTC
Catania,Italy,CTA
Caucasia,Colombia,CAQ
CaxiasDoSul,Brazil,CXJ
Cayenne,FrenchGuiana,CAY
CaymanBracIs,Cambodia,CYB
CayoLargoDelSur,Cuba,CYO
Cebu,Philippines-MatanInternational,CEB
Cedun,Australia,CED
Ceuta,SpainandCanaryIslands,JCU
Chah-Bahar,Iran,ZBR
Chambery,France,CMF
Chandigarh,India,IXC
Changchun,China,CGQ
Changde,China,CGD
Changuinda,Panama,CHX
Changzhou,China,CZX
Chania,Greece,CHQ
Chaoyang,China,CHG
Chapeco,Brazil,XAP
Charleville,Australia,CTL
ChathamIsland,NewZealand,CHT
Cheboksary,Russia,CSY
Chelybinsk,Russia,CEK
Chennai,India,MAA
Cheongju,SouthKorea,CJJ
Cherepovets,Russia,CEE
Chergdu,China,CTU
Chester,UnitedKingdom,CEG
Chetumal,Mexico,CTM
Chevepovets,Russia,CEE
ChiMei,Taiwan,CMJ
ChiangMai,Thailand,CNX
ChiangRai,Thailand,CEI
Chiayi,Taiwan,CYI
Chicayo,Peru,CIX
Chifeng,China,CIF
Chihuahua,Mexico,CUU
Chillan,Chile,YAI
Chipata,Zambia,CIP
Chisinau,RepublicofMoldova,KIV
Chita,Russia,HTA
Chitral,Pakistan,CJL
Chitre,Panama,CTD
Chittagong,Bangladesh,CGP
ChoiseulBay,SolomonIslands,CHY
Chongqing,China,CKG
Christchurch,NewZealand,CHC
ChristmasIsland,ChristmasIsland,XCH
Cicia,Fiji,ICI
CiegoDeAvila,Cuba,AVI
CiudadBolivar,Venezuela,CBL
CiudadDelCarmen,Mexico,CME
CiudaddelEste,Paraguay,AGT
CiudadJuarez,Mexico,CJS
CiudadObregon,Mexico,CEN
CiudadVictoria,Mexico,CVM
Clermont-ferrand,France,CFE
Cleve,Australia,CVC
Cloncurry,Australia,CNJ
ClubMakokola,Malawi,CMK
Cluj,Romania,CLJ
Cobar,Australia,CAZ
Cobija,Bolivia,CIJ
Cochabamba,Bolivia,CBB
Cochin,India,COK
CoconutIsland,Australia,CNC
CocosIslands,KeelingIslands,CCK
Coen,Australia,CUQ
CoffsHarbor,Australia,CFS
Coimbatore,India,CJB
Colima,Mexico,CLQ
Cologne,Germany-Railservice,QKL
Cologne,Germany-Cologne/Bonn,CGN
Colombo,SriLanka,CMB
Colon,Panama,ONX
Conakry,Guinea,CKY
Concepcion,Chile,CCP
Concordia,Argentina,COC
Condoto,Colombia,COG
Constanta,Romania,CND
Constantine,Algeria,CZL
Contadora,Panama,OTD
CooberPedy,Australia,CPD
Cooktown,Australia,CTN
Cooma,Australia,OOM
Coonamble,Australia,CNB
Copenhagen,Denmark,CPH
Copiapo,Chile,CPO
Cordoba,Argentina,COR
Cork,Ireland,ORK
Coro,Venezuela,CZE
Corozal,Belize,CZH
Corrientes,Argentina,CNQ
Corumba,Brazil,CMG
CorvoIsland,Portugal,CVU
Cotabato,Philippines,CBO
Cotarou,Benin,COC
Cox'sBazar,Bangladesh,CXB
Cozumel,Mexico,CZM
CraigCove,Vanuatu,CCV
Criciuma,Brazil,CCM
CrokerIsland,Australia,CKI
CrookedIsland,Bahamas,CRI
Crotone,Italy,CRV
CruzeiroDoSul,Brazil,CZS
Cucata,Colombia,CUC
Cuenca,Ecuador,CUE
Cuernavaca,Mexico,CVJ
Cuiaba,Brazil,CGB
Culiacan,Mexico,CUL
Cumana,Venezuela,CUM
Cunnamulla,Australia,CMA
Curacao,NetherlandsAntilles,CUR
Curitiba,Brazil,CWB
Cuzco,Peru,CUZ
DaNang,VietNam,DAD
Dabra,Indonesia,DRH
Daegu,SouthKorea,TAE
Dakar,Senegal,DKR
Dakhla,Morocco,VIL
Dalaman,Turkey,DLM
Dalat,VietNam-LienkhangDLI
DaliCity,China,DLU
Dalian,China,DLC
Damascus,SyrianArabRepublic,DAM
Dammam,SaudiArabia,DMM
Dangriga,Belize,DGA
DarEsSalaam,Tanzania,DAR
DarnleyIsland,Australia,NLF
Daru,PapuaNewGuinea,DAU
Darwin,Australia,DRW
Datadawai,Indonesia,DTD
Davao,Philipines-Mati,DVO
David,Panama,DAV
Dawe,Myanmar,TVY
Daxian,China,DAX
Dayang,China,DYG
DaydreamIs,Australia,DDI
Deauville,France,DOL
DebraMarcos,Ethiopia,DBM
DebraTabor,Ethiopia,DBT
Deirezzor,Syria-AlJafrah,DEZ
Delhi,India,DEL
Dembidollo,Ethiopia,DEM
Denham,Australia,DNM
Denizli,Turkey,DNZ
DenpasarBali,Indonesia,DPS
DeraGhazi,Pakistan,DEA
DeraIsmailKhan,Pakistan,DSK
Derby,Australia,DRB
Derim,PapuaNewGuinea,DER
Dessie,Ethiopia,DSE
Devonport,Australia,DPO
Dhaka,Bangledesh-ZiaInternational,DAC
Dibrugarn,India,DIB
DienBienPhu,VietNam-Gialam,DIN
Dijon,France,DIJ
Dili,Indonesia,DIL
DillonsBay,Vanuata,DLY
Dimapur,India,DMU
Dinard,France,DNR
Dipolog,Philippines,DPL
DireDawa,Ethiopia,DIR
Div,India,DIU
Diyarbakir,Turkey,DIY
Djanet,Algeria,DJG
Djerba,Tunisia,DJE
Djibouti,Djibouti,JIB
Dnepropetrovsk,Ukraine,DNK
Dobo,Indonesia,DOB
Dodoma,Tanzania,DOD
Dodoima,PapuaNewGuinea,DDM
Doha,Qatar,DOH
Dominica,Dominica-CaneField,DCF
Dominica,Dominica-MelvilleHall,DOM
Donegal,Ireland,CFN
Donetsk,Ukraine,DOK
Dongola,Sudan,DOG
Doomadgee,Australia,DMD
Dortmund,Germany,DTM
Dourados,Brazil,DOU
Dovala,Cameroon,DLA
Dresden,Germany,DRS
Dubai,UnitedArabEmirates,DXB
Dubbo,Australia,DBO
Dublin,Ireland,DUB
Dubrovnik,Croatia,DBV
Dumaguete,Philippines,DGT
Dumai,Indonesia,DUM
Dundee,UnitedKingdom,DND
Dunedin,NewZealand,DUD
Dunhuang,China,DNH
DunkIsland,Australia,DKI
Durango,Mexico,DGO
Durban,SouthAfrica,DUR
Dushanbe,Tajikistan,DYU
Dusseldorf,Germany-International,DUS
Dusseldorf,Germany-Moenchen-Gl.,MGL
Dusseldorf,Germany-Railservice,QDU
Dzaoudzi,Mayotte,DZA
EastLondon,SouthAfrica,ELS
Ebon,MarshallIslands,EBO
Eday,UnitedKingdom,EOI
Edinburgh,UnitedKingdom,EDI
Edremit,Turkey,EDO
EdwardRiver,Australia,EDR
Egilsstadir,Iceland,EGS
Eindhoven,Netherlands,EIN
Eisenach,Germany,EIB
Ekaterinburg,Russia,SVX
ElBolsan,Argentina,EHL
ElFasher,Sudan,ELF
ElMaiten,Argentina,EMX
ElObeid,Sudan,EBD
ElOved,Algeria,ELU
ElPortillo/Samana,DominicianRepublic-ElPortillo,EPS
ElReal,Panama,ELE
ElSalvador,Chile,ESR
ElVigia,Venezuela,VIG
ElYopal,Colombia,EYP
Elat,Italy,ETH
Elazig,Turkey,EZS
ElbaIsland,Italy,EBA
ElchoIsland,Australia,ELC
Eldoret,Kenya,EDL
EleutheraIsland,Bahamas,ELH
Elista,Russia,ESL
Emae,Vanuata,EAE
Embessa,PapuaNewGuinea,EMS
Emerald,Australia,EMD
Emo,PapuaNewGuinea,EMO
Enarotali,Indonesia,EWI
Ende,Indonesia,ENE
EnewetakIsland,MarshallIslands,ENT
Enontekio,Finland,ENF
Enshi,China,ENH
Entebbe,Uganda,EBB
Enugu,Nigeria,ENU
Epinal,France,EPL
Ercan,Cyprus,ECN
Erfurt,Germany,ERF
Erzincan,Turkey,ERC
Erzurum,Turkey,ERZ
Esbjerg,Denmark-EsbjergAirport,EBJ
Esbjerg,Denmark-Railservice,ZBB
Esmeraldas,Ecuador,ESM
Esperance,Australia,EPR
EspirituSanto,Vanuatu,SON
Esquel,Argentina,EQS
Eveter,UnitedKingdom,EXT
Ewer,Indonesia,EWE
ExmouthGulf,Australia,EXM
Fagernes,Norway,VDB
FairIsle,UnitedKingdom,FIE
Faisalabad,Pakistan,LYP
Fajard,PuertoRico,FAJ
FakFak,Indonesia,FKQ
Fakarava,FrenchPolynesia,FAV
Farafangana,Madagascar,RVA
Faro,Portugal,FAO
FaroeIslands,FaroeIslands,FAE
FeraIsland,SolomonIslands,FRE
Fergana,Uzbekistan,FEG
FernandoDeNoronha,Brazil,FEN
Fez,Morocco,FEZ
Fianarantsoa,Madagascar,WFI
Figari,France,FSC
Filton,UnitedKingdom,FZO
Finkenwerder,Germany,XFW
FitzroyCrossing,Australia,FIZ
Flensburg,Germany,FLF
Florence,Italy-GalGalilei,PSA
Florence,Italy-Peretola,FLR
Florencia,Colombia,FLA
FloresIsland,Portugal,FLW
Flores,Guatemala,FRS
Florianopolis,Brazil,FLN
Floro,Norway,FRO
Foggia,Italy,FOG
Forde,Norway,FDE
Formosa,Argentina,FMA
FortDauphin,Madagascar,FTU
FortDeFrance,Martinique,FDF
Fortaleza,Brazil,FOR
Franca,Brazil,FRC
Franceville,Gabon,MVB
Francistown,Botswana,FRW
Frankfurt,Germany-Hahn,HHN
Frankfurt,Germany-International,FRA
Fredericia,Denmark,ZBJ
Freeport,Bahamas,FPO
Freetown,SierraLeone-LungiIntl,FNA
Friedrichshafer,Germany,FDH
Fuerteventura,Spain,FUE
Fukuoka,Japan,FUK
Fukue,Japan,FUJ
Fukushima,Japan,FKS
FunafutiAtol,Tuvalu,FUN
Funchal,Portugal,FNC
FutunaIsland,Vanuatu,FTA
FutunaIsland,WallisandFutunaIslands,FUT
Fuyang,China,FUG
Fuzhou,China,FOC
Gaborone,Botswana,GBE
Gafsa,Tunisia,GAF
Gagnoa,CoteD'Ivoire,GGN
Galapagos,Ecuador,GPS
Gallivare,Sweden,GEV
Galway,Ireland,GWY
Gamba,Gabon,GAX
Gambela,Ethiopia,GMB
GanIsland,Maldives,GAN
Gangneung,SouthKorea,KAG
Garachine,Panama,GHE
Garaina,PapuaNewGuinea,GAR
Garasa,PapuaNewGuinea,GRL
GardenPoint,Australia,GPN
Garoua,Cameroon,GOV
Gassim,SaudiArabia,ELQ
Gaua,Vanuatu,ZGU
Gawahati,India,GAU
GazaCity,OccupiedPalestinianTerritory,GZA
Gaziatep,Turkey,GZT
Gdansk,Poland,GDN
Gebe,Indonesia,GEB
Gelendzik,Russia,GDZ
Geneina,Sudan,EGN
GeneralSantos,Philippines,GES
Geneva,Switzerland,GVA
Genoa,Italy,GOA
GeorgeTown,Bahamas,GGT
George,SouthAfrica,GRJ
Georgetown,Guyana,GEO
Geraldton,Australia,,GET
Gerona,Spain,GRO
Ghadames,Libya,LTD
Ghardala,Algeria,GHA
Ghat,Libya,GHT
Gibraltar,Gibraltar,GIB
Gilgit,Pakistan,GIL
Gisborne,NewZealand,GIS
Gizan,SaudiArabia,GIZ
Gizo,SolomonIslands,GZO
Gladstone,Australia,GLT
Glasgow,UnitedKingdom-GlasgowInternational,GLA
Glasgow,UnitedKingdom-Prestwick,PIK
GlenInnes,Australia,GLI
Goa,India,GOI
Goba,Ethiopia,GOB
GobernadorGregores,Argentina,GGS
Gode/Iddidole,Ethopia,GDE
Goiania,Brazil,GYN
GoldCoast,Australia,OOL
Golfito,CostaRica,GLF
Golmud,China,GOQ
Gonalia,PapuaNewGuinea,GOE
Gondari,Ethiopia,GDQ
Gore,Ethiopia,GOR
Goroka,PapuaNewGuinea,GKA
Gorontalo,Indonesia,GTO
Gothenburg,Sweden-Landvetter,GOT
Gothenburg,Sweden-Saeve,GSE
GoulburnIsland,Australia,GBL
Goundam,Mali,GUD
Gove,Australia,GOV
GovernorsHarbour,Bahamas,GHB
GovernadorValadares,Brazil,GVR
Goya,CR,Argentina,OYA
Gozo,Malta,GZM
GraciosaIsland,Portugal,GRW
Grafton,Australia,GFN
Granada,Spain,GRX
GrandCayman,CaymanIslands,GCM
GrandTurkIsland,TurksandCaicosIslands,GDT
Graz,Austria,GRZ
Grenada,Grenada,GND
Grenoble,France,GNB
Griffith,Australia,GFF
Grimsey,Iceland,GRY
Groennedal,Greenland,JGR
Groningen,Netherlands,GRQ
GroofeEylandt,Australia,GTE
Guadalajara,Mexico,GDL
Guam,,GUM
Guanaja,Honduras,GJA
Guanajuato,Mexico,BJX
Guangzhou,China,CAN
Guantanamo,Cuba,GAO
GuatemalaCity,Guatemala,GUA
Guayaquil,Ecuador,GYE
Guayaramerin,Bolivia,GYA
Guaymas,Mexico,GYM
Guernsey,UnitedKingdom,GCI
GuerreroNegro,Mexico,GUB
Guilin,China,KWL
Guiria,Venezuela,GUI
Gulu,Uganda,ULU
Gulyang,China,KWE
Gunsan,SouthKorea,KUV
Gurayat,SaudiArabia,URY
Gwadar,Pakistan,GWD
Gwangju,SouthKorea,KWJ
Gwalior,India,GWL
Gyandzha,Azerbaijan,KVD
Gyourmri,Armenia,LWN
HaApa,Tonga,HPA
HachijoJima,Japan,HAC
Hagfors,Sweden,HFS
Haifa,Israel,HFA
Haikou,China,HAK
Hail,SaudiArabia,HAS
Hailar,China,HLD
Haiphong,VietNam-Catbi,HPH
Hakodate,Japan,HKD
Halberstadt,Germany,ZHQ
HallsCreek,Australia,HCQ
Halmstad,Sweden,HAD
Hamburg,Germany-Fuhisbuettel,HAM
Hamburg,Germany-Luebeck,LBC
HamiltonIsland,Australia,HTI
Hamilton,Bermuda,BDA
Hamilton,NewZealand,HLZ
Hammerfest,Norway,HFT
Hangzhou,China,HGH
Hanimaadhoo,Maldives,HAQ
Hanoi,VietNam-Noibai,HAN
Hanover,Germany,HAJ
Hanzhang,China,HZG
Harare,Zimbabwe,HRE
Harbin,China,HRB
Hargeisa,Somolia,HGA
Harstad-Narvik,Norway,EVE
HassiMessaoud,Algeria,HME
Hasvik,Norway,HAA
HatYai,Thailand,HDY
Hateruma,Japan,HTR
Haugesund,Norway,HAU
Havana,Cuba,HAV
HaymanIsland,Australia,HIS
Hefei,China,HFE
Heidelberg,Germany,HDB
Helgoland,Germany,HGL
Helsinki,Finland,HEL
Heno,Myanmar,HEH
Heraklian,Greece,HER
Heringsdorf,Germany,HDF
Hermavan,Sweden,HMV
Hermosillo,Mexico,HMO
Herning,Denmark,XAK
HerveyBay,Australia,HVB
Hiroshima,Japan-International,HIJ
Hiroshima,Japan-HiroshimaWest,HIW
Hivaro,PapuaNewGuinea,HIT
HoChiMinhCity,VietNam,SGN
Hobart,Australia,HBA
Hodeidah,Yemen,HOD
Hoedspruit,SouthAfrica,HDS
Hof,Germany,HOQ
Hofuf,SaudiArabia,HOF
Hohhot,China,HET
Hokitika,NewZealand,HKK
Holguin,Cuba,HOG
HongKong,HongKong,HKG
Honiara,SolomonIslands,HIR
Honningsvag,Norway,HVG
Hooker,Australia,HOK
HornIslandAustralia,,HID
Hornafjordur,Iceland,HFN
Horta,Portugal,HOR
Hoskins,PapuaNewGuinea,HKN
Hotan,China,HTN
Houeisay,Laos,HOE
Houn,Libya,HUQ
Huahine,FrenchPolynesia,HUH
Hualien,Taiwan-PhiBai,HUN
Hualtin,Thailand,HHQ
Huanuco,FrenchPolynesia,HUU
Huargyan,China,HYN
Huatulco,Mexico,HUX
Hudiksvall,Sweden,HUV
Hue,VietNam,HUI
Hughenden,Australia,HGD
Hultsfred,Sweden,HLF
Humberside,UnitedKingdom,HUY
Hurghada,Egypt,HRG
HwangeNatPark,Zimbabwe,HWN
Hyderabad,India,HYD
Iasi,Romania,IAS
Ibague,Colombia,IBE
Ibiza,Spain,IBZ
Igarka,Russia,IAA
IguassuFalls,Brazil,IGU
Iguazu,Argentina,IGR
Ihu,PapuaNewGuinea,IHU
IleDesPins,NewCaledonia,ILP
Ilheus,Brazil,IOS
Illaga,Indonesia,ILA
Iloilo,Philippines-Mandurriao,ILO
Ilu,Indonesia,IUL
Ilulissat,Greenland,JAV
Imperatriz,Brazil,IMP
Imphal,India,IMF
InAmenas,Algeria,IAM
Inagua,Bahamas,IGA
Inanwatan,Indonesia,INX
Indagen,PapuaNewGuinea,IDN
Indore,India,IDR
Innsbruck,Austria,INN
Inta,Russia,INA
Invercargill,NewZealand,IVC
Inverell,Australia,IVR
Inverness,UnitedKingdom,INV
Ioannina,Greece,IOA
Ioma,PapuaNewGuinea,IOP
Ipatinga,Brazil,IPN
Ipiales,Colombia,IPI
Ipil,Philippines,IPE
Ipoh,Malaysia,IPH
Ipota,Vanuatu,IPA
Iquique,Chile,IQQ
Iquitos,Peru,IQT
Irkutsk,Russia,IKT
Isafjordur,Iceland,IFJ
Isfahan,Iran,IFN
Ishigakij,Japan,ISG
Islamabad,Pakistan,ISB
IslandLake/GardenHill,Canada,YIV
Islay,UnitedKingdom,ILY
IsleofMan,UnitedKingdom,IOM
IslesofScilly,UnitedKingdom-StMarys,ISC
IslesofScilly,UnitedKingdom-Tresco,TSO
Istanbul,Turkey,IST
Itaituba,Brazil,ITB
Itokama,PapuaNewGuinea,ITK
Ivalo,Finland,IVL
Ivano-Frankovsk,Ukraine,IFO
Iwami,Japan,IWJ
Ixtapa,Mexico,ZIH
Ixtepec,Mexico,IZT
Izmir,Turkey,ADB
Izumo,Japan,IZO
Jabor,MarshallIslands,JAT
Jacareacanga,Brazil,JCR
Jacobabad,Pakistan,JAG
JacquinotBay,PapuaNewGuinea,JAQ
Jaipur,India,JAI
Jakarta,Indonesia,CGK
Jalapa,Mexico,JAL
JaluitIsland,MarshallIslands,UIT
Jambi.Indonesia,DJB
Jamnagar,India,JGA
Janakpur,Nepal,JKR
Jaque,Panama,JQE
Jayapura,Indonesia,DJJ
Jeddah,SaudiArabia,JED
Jeh,MarshallIslands,JEJ
Jeju,metroarea,CJU
JerezDeLaFrontere,Spain,XRY
Jersey,UnitedKingdom,JER
Jessore,Bangladesh,JSR
Jiamusi,China,JMU
Jiayuguan,China,JGN
Jijel,Algeria,GJL
Jijiga,Ethiopia,JIJ
Jimma,Ethiopia,JIM
Jinan,China,TNA
Jingdezhen,China,JDZ
Jinghong,China,JHG
Jinja,Uganda,JIN
Jinjiang,China,JJN
Jinju,SouthKorea-Sancheon,HIN
Jinka,Ethiopia,BCO
Jinzhou,China,JNZ
Ji-Parana,Brazil,JPR
Jiwani,Pakistan,JIW
JoaoPessoa,Brazil,JPA
Jodhpur,India,JDH
Joensuu,Finland,JOE
Johannesburg,SouthAfrica,JNB
JohnstonIsland,USMinorOutlyingIslands,JON
Johor,Malaysia,JHB
Joinville,Brazil,JOI
Jommu,India,IXJ
Jomsom,Nepal,JMO
Jonkoping,Sweden,JKG
Jorhat,India,JRH
JoseDeSanMartin,Argentina,JSM
Jouf,SaudiArabia,AJF
JuazeiroDoNorte,Brazil,JDO
Juist,Germany,JUI
JuizDeFora,Brazil,JDF
Jujuy,Argentina,JUJ
JuliaCreek,Australia,JCK
Juliaca,Peru,JUL
Juzha,China,JUZ
Jyvaskyla,Finland,JYV
Kaadedhdhoo,Maldives,KDM
Kaben,MarshallIslands,KBT
KabriDar,Ethiopia,ABK
Kabul,Afghanistan,KBL
Kabwun,PapuaNewGuinea,KBM
Kadanwari,Pakistan,KCF
Kadhonoo,Maldives,KDO
Kaintiba,PapuaNewGuinea,KZF
Kaitaia,NewZealand,KAT
Kajaani,Finland,KAJ
Kalbarri,Australia,KAX
Kaliningrad,Russia,KGD
Kambuaya,Indonesia,KBX
Kameshli,SyrianArabRepublic,KAC
Kamur,Indonesia,KCD
Kamusi,PapuaNewGuinea,KUY
Kano,Nigeria,KAN
Karachi,Pakistan-Quaid-E-AzamInternational,KHI
Kardia,Estonia,KDL
Kariba,Zimbabwe,KAB
Karlsruhe/BadernBaden,Germany,FKB
Karpathos,Greece,AOK
Karubaga,Indonesia,KBF
KasabaBay,Zambia,ZKB
Kasama,Zambia,KAA
Kasane,Botswana,BBK
Katherine,Australia,KTR
Kathmandu,Nepal,KTM
Katowice,Poland,KTW
Kaunas,Lithuania,KUN
Kavala,Greece,KVA
Kavieng,PapuaNewGuinea,KVG
Kawthaung,Myanmar,KAW
Kayseri,Turkey,ASR
Kazan,Russia,KZN
Kefallinia,Greece,EFL
Kendari,Indonesia,KDI
Kerkyra,Greece,CFU
Khajuraho,India,HJR
Kharga,Egypt,UVL
Kharkov,Ukraine,HRK
Khudzhand,Tajikistan,LBD
Khuzdar,Pakistan,KDD
Kiev,Ukraine-Zhulhany,IEV
Kiev,Ukraine-Borispol,KBP
Kigali,Rwanda,KGL
Kigoma,Tanzania,TKQ
Kilimanjaro,Tanzania,JRO
Kimmirut/LakeHarbour,Canada,YLC
Kingston,Jamaica-NormanManley,KIN
Kingston,Jamaica-Tinson,KTP
Kinshasa,Congo,FIH
Kirakira,SolomonIslands,IRA
Kitadaito,Japan,KTD
Kittila,Finland,KTT
Kiunga,PapuaNewGuinea,UNG
Kiwayu,Kenya,KWY
Knock,Ireland,NOC
Kochi,Japan,KCZ
KohSamui,Thailand,USM
Kolkata,India,CCU
Kolobrzeg,Poland,QJY
KomsomolskNaAmure,Russia,KXK
Konya,Turkey,KYA
Koror,Palau,ROR
Koszalin,Poland,OSZ
KotaBharu,Malaysia,KBR
KotaKinabalu,Malaysia,BKI
Kowanyama,Australia,KWM
Kozhikode,India,CCJ
Krabi,Thailand,KBV
Krakow,Poland,KRK
KrivoyRog,Ukraine,KWG
KualaLumpur,Malaysia,KUL
KualaTerengganu,Malaysia,TGG
Kuantan,Malaysia,KUA
KubinIsland,Australia,KUG
Kuching,Malaysia,KCH
Kahramanmaras,Turkey,KCM
Kudat,Malaysia,KUD
Kufrah,Libya,AKF
Kulusuk,Greenland,KUS
Kumejima,Japan,UEO
Kundiawa,PapauNewGuinea,CMU
Kuopio,Finland,KUO
Kuri,PapuaNewGuinea,KUQ
Kushiro,Japan,KUH
Kutaisi,Georgia,KUT
Kuusamo,Finland,KAO
Kuwait,Kuwait,KWI
Kwajalein,MarshallIslands,KWA
Kyzyl,Russia,KYZ
LaCeiba,Honduras,LCE
LaCoruna,Spain,LCG
LaPalma,Panama,PLP
LaPaz,Bolivia,LPB
LaPaz,Mexico,LAP
LaRioja,Argentina,IRJ
LaRomana,DominicanRepublic,LRM
LaSerena,Chile,LSC
Laayoune,Morocco,EUN
Labasa,Fiji,LBS
Lablab,PapuaNewGuinea,LAB
LabuanBajo,Indonesia,LBJ
Labuan,Malaysia,LBU
LaeIsland,MarshallIslands,LML
Lae,PapuaNewGuinea,LAE
Lages,Brazil,LAJ
LagoAgrio,Ecuador,LGQ
LagoArgentina,Argentina,ING
Lagos,Nigeria,LOS
Lahadbatu,Malaysia,LDU
Lahore,Pakistan,LHE
Lakeba,Fiji,LKB
Lakselv,Norway,LKL
Lalibela,Ethiopia,LLI
Lamap,Vanuatu,LPM
LamenBay,Vanuatu,LNB
Lamezia-Terme,Italy,SUF
Lampang,Thailand,LPI
Lampedusa,Italy,LMP
Lamu,Kenya,LAU
LandsEnd,UnitedKingdom,LEQ
Langguri,Indonesia,LUV
Langkawi,Malaysia,LGK
Lannion,France,LAI
Lanzarote,Spain,ACE
Lanzhau,Guinea,LHW
Lanzhou,China,ZGC
Laoag,Philippines,LAO
Lappeenranta,Finland,LPP
Larantuka,Indonesia,LKA
Larnaca,Cyprus,LCA
Larochelle,France,LRH
LasPalmas,Spain,LPA
LasPiedras,Venezuela,LSP
Latakia,Syria,LTK
LaucalaIsland,Fiji,LUC
Launceston,Australia,LST
Luanda,Angola,LAD
Laverton,Australia,LVO
Lawas,Malaysia,LWY
LeHavre,France,LEH
LeMans,France,ZLN
LePuy,France,LPY
LeTouquet,France,LTQ
Learmonth,Australia,LEA
Leeds,UnitedKingdom,LBA
Legaspi,Philippines,LGP
Leh,India,IXL
Leinster,Australia,LER
Leipzig,Germany,LEJ
Leknes,Norway,LKN
Lemnos,Greece,LXS
Leon,Mexico,BJX
Leonora,Australia,LNO
Leticia,Colombia,LET
Lhasa,China,LXA
Lianyungang,China,LYG
Liberia,CostaRica,LIR
Libreville,Gabon,LBV
Lichinga,Mozambique,VXC
Liege,Belgium,LGG
Lifa,NewCaledonia,LIF
LightningRidge,Australia,LHG
LihirIsland,PapuaNewGuinea,LNV
LijiangCity,China,LJG
LikiepIsland,MarshallIslands,LIK
Lille,France-Lesquin,LIL
Lille,France-Railservice,XDB
Lilongwe,Malawi,LLW
Lima,Peru,LIM
Limbang,Malaysia,LMN
Limoges,France,LIG
LindemanIsland,Australia,LDC
Lindi,Tanzania,LDI
Linkoping,Sweden,LPI
Linyi,China,LYI
Linz,Austria,LNZ
Lisbon,Portugal,LIS
Lismore,Australia,LSY
Liuzhou,China,LZH
Liverpool,UnitedKingdom,LPL
Livingstone,Zambia,LVI
LizardIsland,Australia,LZR
Ljubliana,Slovenia,LJU
LockhartRiver,Australia,IRG
Loen,MarshallIslands,LOF
Loja,Ecuador,LOH
Lome,Togo,LFW
London,UnitedKingdom-Allairports,LON
London,UnitedKingdom-BigginHill,BQH
London,UnitedKingdom-Gatwick,LGW
London,UnitedKingdom-Heathrow,LHR
London,UnitedKingdom-LondonCity,LCY
London,UnitedKingdom-Luton,LTN
London,UnitedKingdom-Stansted,STN
Londonderry,UnitedKingdom,LDY
London-Paddington,UnitedKingdom-Railservice,QQP
Londrina,Brazil,LDB
LongApung,Indonesia,LPU
LongBanga,Malaysia,LBP
LongBawan,Indonesia,LBW
LongIsland,Australia,HAP
LongIsland/DeadmansCay,Bahamas,LGI
LongLellang,Malaysia,LGL
LongSeridan,Malaysia,ODN
Longana,Vanuatu,LOD
Longreach,Australia,LRE
Longyearbyen,Svalbard&amp;JanMayenIsland,LYR
Lonorore,Vanuatu,LNE
LordHoweIsland,Australia,LDH
Loreto,Mexico,LTO
Lorient,France,LRT
LosCabos,Mexico,SJD
LosMochis,Mexico,LMM
Losuia,PapuaNewGuinea,LSA
Lourdes/Tarbes,France,LDE
LozaroCardenas,Mexico,LZC
Luanda,Angola,LAD
LuangNamtha,Laos,LXG
LuangPrabang,Laos,LPQ
Lucknow,India,LKO
Luderitz,Namibia,LUD
Lugano,Switzerland,LUG
Lugansk,Uganda,VSG
Lukla,Nepal,LUA
Lulea,Sweden,LLA
Lumbashi,Congo,FBM
Luoyang,China,LYA
Lusaka,Zambia,LUN
Luwuk,Indonesia,LUW
Luxembourg,Luxembourg,LUX
Luxi,China,LUM
Luxor,Egypt,LXR
Luzhou,China,LZO
Lvov,Ukraine,LWO
Lyoksele,Sweden,LYC
Lyon,France-Satolas,LYS
Lyon,France-LyonPart-DieuRailservice,XYD
Maastricht,Netherlands,MST
MabuiagIsland,Australia,UBB
Macapa,Brazil,MCP
Macas,Ecuador,XMS
Macau,China,MFM
Maceio,Brazil,MCZ
Machala,Ecuador,MCH
Mackay,Australia,MKY
Madang,PapuaNewGuinea,MAG
Madinah,SaudiArabia,MED
Madrid,Spain,MAD
Madurai,India,IXM
MaeHongSon,Thailand,HGN
MaeSot,Thailand,MAQ
Maewo,Vanuatu,MWF
Mafia,Tanzania,MFA
Magadan,Russia,GDX
Magnitogorsk,Russia,MQF
Mahanoro,Madagascar,VVB
MaheIsland,Seychelles,SEZ
Maintirano,Madagascar,MXT
Maio,CapeVerde,MMO
Majkin,MarshallIslands,MJE
Majunga,Madagascar,MJN
Majuro,MarshallIslands,MAJ
Makale,Ethiopia,MQX
Makhachkala,Russia,MCX
Makokou,Gabon,MKU
Makung,Taiwan,MZG
Malabo,EquatorialGuinea,SSG
Malacca,Malaysia,MKZ
Malaga,Spain,AGP
Malakai,Sudan,MAK
Malargue,Argentina,LGS
Malatya,Turkey,MLX
Male,Maldives,MLE
Malindi,Kenya,MYD
Malmo,Sweden,MMX
MaloelapIsland,MarshallIslands,MAV
Malololailai,Fiji,PTF
Malta,Malta,MLA
Mampikony,Madagascar,WMP
ManaIsland,Fiji,MNF
Manado,Indonesia,MDC
Managua,Nicaragua,MGA
Manakara,Madagascar,WVK
Mananara,Madagascar,WMR
Manang,Nepal,NGX
Mananjary,Madagascar,MNJ
Manaus,Brazil,MAO
Manchester,UnitedKingdom,MAN
Mandalay,Myanmar,MDL
Mandritsara,Madagascar,WMA
MangaiaIsland,CookIslands,MGS
Mangalore,India,IXE
MangroveCay,Bahamas,MAY
Mangu,Zambia,MNR
Manguna,PapuaNewGuinea,MFO
Manihi,FrenchPolynesia,XMH
ManihikiIsland,CookIslands,MHX
Manila,Philippines,MNL
Maningrioa,Australia,MNG
Manizales,Colombia,MZL
Manja,Madagascar,MJA
Mannheim,Germany,MHG
Manokwari,Indonesia,MKW
Manston,UnitedKingdom,MSE
Manta,Ecuador,MEC
ManusIsland,PapuaNewGuinea,MAS
Manzanillo,Cuba,MZO
Manzanillo,Mexico,ZLO
Manzini,Swaziland,MTS
Mao,Chad,AMO
MaotaSavaiiIs,WesternSamoa,MXS
Maputo,Mozambique,MPM
MarDelPlata,Argentina,MDQ
MaraLodges,Kenya,MRE
Maraba,Brazil,MAB
Maracaibo,Venezuela,MAR
Maracay,Venezuela,MYC
Mare,NewCaledonia,MEE
Margate,SouthAfrica,MGH
Maribor,Slovenia,MBX
Mariehamn,Finland,MHQ
Mariitsoq,Greenland,JSU
Marilia,Brazil,MII
Maringa,Brazil,MGF
Mariupol,Ukraine,MPW
Maroantsetra,Madagascar,WMN
Marova,Cameroon,MVR
Marseille,France,MRS
MarshHarbour,Bahamas,MHH
Marudi,Malaysia,MUR
Maryborough,Australia,MBH
Masbate,Philippines,MBT
Maseru,Lesotho,MSU
Mashad,Iran,MHD
Matamoros,Mexico,MAM
Mataram,Indonesia,AMI
Matsumoto,Japan,MMJ
Matsuyama,Japan,MYJ
Maturin,Venezuela,MUN
MaukeIsland,CookIslands,MUK
Maulmyine,Myanmar,MNU
Maumere,Indonesia,MOF
Maun,Botswana,MUB
Maupiti,FrenchPolynesia,MAU
Mauritius,Mauritius,MRU
Mayaguana,Bahamas,MYG
Mayaguez,PuertoRico,MAZ
Mazatlan,Mexico,MZT
Mbandaka,Congo,MDK
MbujiMayi,Congo,MJM
McarthurRiver,Australia,MCV
Medan,Indonesia,MES
Medellin,Colombia-EnriqueOlayaHerrera,EOH
Medellin,Colombia</a>-JoseMarieCordova,MDE
Meekatharra,Australia,MKR
Mehamn,Norway,MEH
Meixian,China,MXZ
MejitIsland,MarshallIslands,MJB
MekaneSelam,Ethiopia,MKS
Melbourne,Australia,MEL
Melilla,Spain,MLN
Memanbetsu,Japan,MMB
Mendi,Ethiopia,NDM
Mendi,PapuaNewGuinea,MDU
Mendoza,Argentina,MDZ
Menorca,Spain,MAH
Menyamya,PapuaNewGuinea,MYX
Merauke,Indonesia,MKQ
Merave,Sudan,MWE
Merdey,Indonesia,RDE
Merida,Mexico,MID
Merida,Venezuela,MRD
Merimbula,Australia,MIM
MersaMatruh,Egypt,MUH
Metz/Nancy,France,ETZ
Mexicali,Mexico,MXL
MexicoCity,Mexico,MEX
Mfume,Zambia,MFU
Miandrivazo,Madagascar,ZVA
MiddleCaicos,TurksandCaicos,MDS
MidwayIsland,USMinorOutlyingIslands,MDY
Mikkeli,Finland,MIK
Mikonos,Greece,JMK
Milan,Italy-OrioAlSerio,BGY
Milan,Italy-Linate,LIN
Milan,Italy-Malpensa,MXP
Milan,Italy-Parma,PMF
Mildura,Australia,MQL
MiliIsland,MarshallIslands,MIJ
Milingimbi,Australia,MGT
MinamiDaito,Japan,MMD
Minatitla,Mexico,MTT
Mindiptana,Indonesia,MDP
MineralnyeVody,Russia,MRV
Minsk,Belarus-MinskInternational1,MHP
Minsk,Belarus-MinskInternational2,MSQ
Miri,Malaysia,MYY
Mirnyj,Russia,MJZ
Misawa,Japan,MSJ
MisimaIsland,PapuaNewGuinea,MIS
Misurata,Libya,MRA
MitiaroIsland,CookIslands,MOI
MiyakeJima,Japan,MYE
MiyakoJima,Japan,MMY
MizanTeferi,Ethiopia,MTF
MoIRana,Norway,MQN
Moa,Cuba,MOA
Moala,Fiji,MFJ
Moanamani,Indonesia,ONI
Moanda,Congo,MNB
Moanda,Gabon,MFF
Mogadishu,Somalia,MGQ
Mohenjodaro,Denmark,MJD
Mokpo,SouthKorea,MPK
MokutiLodge,Namibia,OKU
Molde,Norway,MOL
Mombasa,Kenya,MBA
Monastir,Tunisia,MIR
Monbetsu,Japan,MBE
Monclova,Mexico,LOV
MonkeyMia,Australia,MJK
Mono,SolomonIslands,MNY
Monrovia,Liberia,ROB
MonteCarlo,Monaco,MCM
MonteDourado,Brazil,MEU
MontegoBay,Jamaica,MBJ
Monteria,Colombia,MTR
Monterrey,Mexico,MTY
MontesClaros,Brazil,MOC
Montevideo,Uruguay,MVD
Montpellier,France,MPL
Montserrat,Montserrat,MNI
Moorea,FrenchPolynesia,MOZ
Mopti,Mali,MZI
Mora,Sweden,MXX
Morafenobe,Madagascar,TVA
Morambe,Madagascar,MXM
Moranbah,Australia,MOV
Moree,Australia,MRZ
Morelia,Mexico,MLM
Morioka,Japan,HNA
Mornington,Australia,ONG
Moro,PapuaNewGuinea,MXH
Morondava,Madagascar,MOQ
Moroni,Comoros,HAH
Moruya,Australia,MYA
Moscow,Russia-alllocations,MOW
Moscow,Russia-Bykovo,BKA
Moscow,Russia-Domodedovo,DME
Moscow,Russia-Sheremetyevo,SVO
Moscow,Russia-Vnukovo,VKO
Mosjoen,Norway,MJF
Mostar,BosniaandHerzegovina,OMO
MotaLava,Vanuatu,MTV
Mouila,Gabon,MJL
MountCook,NewZealand,MON
MountGambier,Australia,MGB
MountHagen,PapuaNewGuinea,HGU
MountHotham,Australia,MHU
MountIsa,Australia,ISA
MountKeith,Australia,WME
MountMagnet,Australia,MMG
MountPleasant,FalklandIslands,MPN
Mpacha,Namibia,MPA
Mtwara,Tanzania,MYW
Mucuri,Brazil,MVS
Mudanjiang,China,MDG
Mudgee,Australia,DGE
Muenster,Germany,FMO
Mukan,Malaysia,MKM
Mulhouse,France,MLH
Mulia,Indonesia,LII
Multan,Pakistan,MUX
Mulu,Malaysia,MZV
Mumbai,India,BOM
Munda,SolomonIslands,MUA
Munich,Germany,MUC
Murcia,Spain,MJV
Murmansk,Russia,MMK
MurrayIsland,Australia,MYI
Mus,Turkey,MSR
Muscat,Oman,MCT
Musoma,Tanzania,MUZ
Muzaffarabad,Pakistan,MFG
Mwanza,Tanzania,MWZ
Myeik,Myanmar,MGZ
Myitkyina,Myanmar,MYT
Mytilene,Greece,MJT
Mzuzu,Malawi,ZZU
Nabire,Indonesia,NBX
Nacala,Mozambique,MNC
Nadar,Morocco,NDR
Nadi,Fiji,NAN
Nadym,Russia,NYM
Naga,Philippines,WNP
Nagasaki,Japan,NGS
Nagoya,Japan,NGO
Nagpur,India,NAG
Nairobi,Kenya-JomoKenyattaIntl,NBO
Nairobi,Kenya-Wilson,WIL
Nakhichevan,Azerbaijan,NAJ
NakhonRatchosima,Thailand,NAK
NakhonSiThammarat,Thailand,NST
Nalchik,Russia,NAL
Namangan,Uzbekistan,NMA
Namatana,PapuaNewGuinea,ATN
NamorikIsland,MarshallIslands,NDK
Nampula,Mozambique,APL
Namsos,Norway,OSY
Namudi,PapuaNewGuinea,NDI
Nan,Thailand,NNT
Nanchong,China,NAO
Nanking/Nanjing,China,NKG
Nanning,China,NNG
Nanortalik,Greenland,JNN
Nantes,France-NantesAtlantique,NTE
Nantes,France-Railservice,QJZ
Nantong,China,NTG
Nanyang,China,NNY
Nanyuki,Kenya,NYK
Napier-Hastings,NewZealand,NPE
Naples,Italy,NAP
Narathiwat,Thailand,NAW
Narrabri,Australia,NAA
Narsaq,Greenland,JNS
Narsarsuaq,Greenland,UAK
Narvik,Norway,NVK
Naryan-Mar,Russia,NNM
Nassau,Bahamas-International,NAS
Nassau,Bahamas-ParadiseIsland,PID
Natadi,Congo,MAT
Natal,Brazil,NAT
NauruIsland,Nauru,INU
Navegantes,Brazil,NVT
Nawabshah,Pakistan,WNS
NayUrengoy,Russia,NUX
Ndola,Zambia,NLA
NeerleritInaat,Greenland,CNP
Nefteyugansk,Russia,NFG
Neghelli,Ethiopia,EGL
Negril,Jamaica,NEG
Neiva,Colombia,NVA
Nejran,SaudiArabia,EAM
Nelso,NewZealand,NSN
Nelspruit,SouthAfrica,NLP
Nema,Mauritania,EMN
Neryjungri,Russia,NER
Neuquen,Argentina,NQN
Nevis,St.KittsandNevis,NEV
NewLondon/Groton,GON
NewPlymouth,NewZealand,NPL
Newcastle,Australia-Belmont,BEO
Newcastle,Australia,NTL
Newcastle,UnitedKingdom,NCL
Newman,Australia,ZNE
Newquay,UnitedKingdom,NQY
Ngaoundere,Cameroon,NGE
NgauIsland,Fiji,NGI
Ngukurr,Australia,RPM
NhaTrang,VietNam,NHA
Niamey,Niger,NIM
Nice,France,NCE
Nicosia,Cyprus,NIC
Nimes,France,FNI
Ningbo,China,NGB
Nioko,Congo,NIX
Niuafo'ou,Tonga,NFO
Niuatoputapu,Tonga,NTT
NiueIsland,Niue,IUE
Nizhnevartovsk,Russia,NJC
NizhniyNovgorod,Russia,GOJ
Nojabrxsk,Russia,NOJ
Ndjamena,Chad,NDJ
Norderney,Germany,NRD
Nordholz-Speika,Germany,NDZ
NorfolkIsland,NorfolkIsland,NLK
Noril'sk,Russia,NSK
Normanton,Australia,NTN
Norrkoping,Sweden,NRK
Norsup,Vanuatu,NUS
NorthCaicos,TurksandCaicosIslands,NCA
NorthEleuthera,Bahamas,ELH
NorthRonaldsay,UnitedKingdom,NRL
Norwich,UnitedKingdom,NWI
NosaraBeach,CostaRica,NOB
Nossi-be,Madagascar,NOS
Nottingham,UnitedKingdom,EMA
Nouadhiba,Mauritania,NDB
Nouakchott,Mauritania,NKC
Noumea,NewCaledonia-Tontouta,NOU
Noumea,NewCaledonia-Magenta,GEA
Novgorod,Russia,NVR
Novokuznetsk,Russia,NOZ
Novosibirsk,Russia-Tolmachevo,OVB
NuevaGerona,Cuba,GER
NuevoLaredo,Mexico,NLD
NukuHiva,FrenchPolynesia,NHV
Nuku'Alofa,Tonga,TBU
Nukus,Uzbekistan,NCU
Numbulwar,Australia,NUB
Nunukan,Indonesia,NNX
Nuremberg,Germany-Railservice,ZAQ
Nuremberg,Germany,NUE
Nuuk,Greenland,GOH
Nyala,Sudan,UYL
Nyaung,Myanmar,NYU
Nyngan,Australia,NYN
Oaxaca,Mexico,OAX
Obano,Indonesia,OBD
Obihiro,Japan,OBO
OchoRios,Jamaica,OCJ
Odense,Denmark,ZBQ
Odessa,Ukraine,ODS
Ohrid,Macedonia,OHD
Oita,Japan,OIT
Okaba,Indonedia,OKQ
Okayama,Japan,OKJ
Okhotsk,Russia,OHO
Okinawa,Japan,OKA
Okoshiri,Japan,OIR
Oksibil,Indonesia,OKL
Olbia,Italy,OLB
Olpoi,Vanuatu,OLJ
OlympicDam,Australia,OLP
Omboue,Gabon,OMB
Omsk,Russia,OMS
Ondangwa,Namibia,OND
Oradea,Romania,OMR
Oran,Algeria,ORN
Orange,Australia,OAG
Oranjemund,Namibia,OMD
Orebro,Sweeden-Obrebro-Bofors,ORB
Orenburg,Russia,REN
Ormara,Pakistan,ORW
Ornskoldsvik,Sweden,OER
Orsk,Russia,OSW
Orsta-Volda,Norway,HOV
Osaka,Japan-allairports,OSA
Osaka,Japan-Itami,ITM
Osaka,Japan-KansaiIntl,KIX
Oshima,Japan,OIM
Osijek,Croatia,OSI
Oskarshamn,Sweden,OSK
Oslo,Norway,OSL
Oslo,Norway-Sandefjord,TRF
Ostersund,Sweden,OSD
Ostrava,CzechRepublic,OSR
Otu,Colombia,OTU
Ouagadougou,BurkinaFaso,OUA
Ouargla,Algeria,OGX
Ouarzazate,Morocco,OZZ
Oudomxay,Laos,ODY
Oujda,Morocco,OUD
Oulu,Finland,OUL
Ouvea,NewCaledonia,UVE
Ovda,Israel,VDA
Oyem,Gabon,OYE
Paama,Vanuatu,PBJ
Paamiut,Greenland,JFR
Padang,Indonesia,PDG
Paderborn,Germany,PAD
PagoPago,AmericanSamoa,PPG
Pakse,Laos,PKZ
Pakuba,Uganda,PAF
Palacios,Honduras,PCH
PalangKaraya,Indonesia,PKY
Palanga,Lithuania,PLQ
Palembang,Indonesia,PLM
Palenque,Mexico,PQM
Palermo,Italy,PMO
PalmaMallorca,SpainandCanaryIslands,PMI
Palmar,CostaRica,PMZ
Palmas,Brazil,PMW
PalmerstonNorth,NewZealand,PMR
Palu,Indonesia,PLW
Pamplona,Spain,PNA
PanamaCity,Panama-TocumenIntl,PTY
PanamaCity,Panama-Paitilla,PAC
Pangkalanboun,Indonesia,PKN
Pangkalpinang,Indonesia,PGK
Panjger,Pakistan,PJG
Pantelleria,Italy,PNL
PapaWestray,UnitedKingdom,PPW
Papeete,FrenchPolynesia,PPT
Paphos,Cyprus,PFO
ParaChinar,Pakistan,PAJ
Paraburdoo,Australia,PBO
ParadiseIsland,Bahamas,PID
Paramaribo,Suriname-ZanderijIntl,PBM
Paramaribo,Suriname-ZorgEnHoop,ORG
Parana,Argentina,PRA
Parasi,SolomonIslands,PRS
Paris,France-Allairports,PAR
Paris,France-CharlesDegaulle,CDG
Paris,France-Orly,ORY
Paris,France-Beauvais-Tille,BVA
Parma/Milan,Italy,PMF
Parnaiba,Brazil,PHB
Paro,Bhutan,PBH
Pasni,Pakistan,PSI
PasodeLosLibres,Argentina,AOL
PassoFundo,Brazil,PFB
Pasto,Colombia,PSO
Patna,India,PAT
Patras,Greece,GPA
Pau,France,PUF
Pavlodar,Kazakhstan,PWQ
Pechora,Russia,PEX
Pekanbaru,Indonesia,PKU
Pelotas,Brazil,PET
Pemba,Mozambique,POL
Pemba,Tanzania-Wawi,PMA
Penang,Malaysia,PEN
PenrhynIsland,CookIslands,PYE
Penzance,UnitedKingdom,PZE
Pereira,Colombia,PEI
Perigueux,France,PGX
PeritoMoreno,Argentina,PMQ
Perm,Russia,PEE
Perpignan,France,PGF
Perth,Australia,PER
Perugia,Italy,PEG
Pescara,Italy,PSR
Peshawar,Pakistan,PEW
Petrolina,Brazil,PNZ
Petropaulousk-Kamchats,Russia,PKC
Petrozavodsk,Russia,PES
Phalaborwa,SouthAfrica,PHW
Phitsanulok,Thailand,PHS
PhnomPenh,Cambodia,PNH
Phrae,Thailand,PRH
PhuQuoc,VietNam-DuongDang,PQC
Phuket,Thailand,HKT
PicoIsland,Portugal,PIX
PiedrasNegras,Mexico,PDS
Pietermaritzburg,SouthAfrica,PZB
Pietersburb,SouthAfrica,PTG
Pingtung,Taiwan,PIF
Pisa,Italy-GalGalilei,PSA
Pituffik,Greenland,THU
Piura,Peru,PIU
Placencia,Belize,PLJ
Pleiku,VietNam,PXU
PlettenburgBay,SouthAfrica,PBZ
Plymouth,UnitedKingdom,PLH
Podgoriea,SerbiaandMontenegro-Golubovci,TGD
Pohnpei,Micronesia,PNI
PointeNoire,Congo,PNR
Pointe-a-Pitre,Guadeloupe,PTP
Poitiers,France-Biard,PIS
Poitiers,France-Railservice,XOP
Pokhara,Nepal,PKR
Poltava,Ukraine,PLV
Polyarnyj,Russia,PYJ
Ponce,PuertoRico,PSE
PontaDelgada,Portugal,PDL
PontaPora,Brazil,PMG
Pontianak,Indonesia,PNK
Popondetta,PapuaNewGuinea,PNP
Popraol/Tatry,Slovakia,TAT
Porbandar,India,PBD
Pori,Finland,POR
Porlamar,Venezuela,PMV
PortAntonio,Jamaica,POT
PortAuPrince,Haiti,PAP
PortAugusta,Australia,PUG
PortBerge,Madagascar,WPB
PortBlair,India,IXZ
PortElizabeth,SouthAfrica,PLZ
PortGentil,Gabon,POG
PortHarcourt,Nigeria,PHC
PortHeadland,Australia,PHE
PortLincoln,Australia,PLO
PortMacquarie,Australia,PQQ
PortMoresby,PapuaNewGuinea,POM
PortofSpain,Trinidad,POS
PortStanley,FalklandIslands,PSY
PortSudan,Sudan,PZU
PortVila,Vanuatu,VLI
Portland,Australia,PTJ
PortoAlegre,Brazil,POA
PortoSanto,Portugal,PXO
PortoSeguro,Brazil,BPS
PortoVelho,Brazil,PVH
Porto,Portugal,OPO
Portoviejo,Ecuador,PVO
Posadas,Argentina,PSS
PozaRico,Mexico,PAZ
Poznan,Poland,POZ
Prague,CzechRepublic,PRG
Praia,CapeVerde,RAI
Pres.RoqueSaenzPena,Argentina,PRQ
PresidentePrudente,Brazil,PPB
Preveza/Lefkas,Greece,PVK
Pristina,SerbiaandMontenegro,PRN
Proserpine,Australia,PPP
Providenciales,TurksandCaicosIslands,PLS
Pucallpa,Peru,PCL
Puebla,Mexico,PBC
PuertoAyacucha,Venezuela,PYH
PuertoBerria,Colombia,PBE
PuertodelRosario,Spain,FUE
PuertoDeseado,Argentina,PUD
PuertoEscondido,Mexico,PXM
PuertoJimenez,CostaRica,PJM
PuertoLempira,Honduras,PEU
PuertoMadryn,Argentina,PMY
PuertoMaldonado,Peru,PEM
PuertoMontt,Chile,PMC
PuertoOrdaz,Venezuela,PZO
PuertoPlata,DominicanRepublic,POP
PuertoPrincesa,Philippines,PPS
PuertoSuarez,Bolivia,PSZ
PuertoVallarta,Mexico,PVR
Pula,Croatia,PUY
Pune,India,PNQ
PuntaArenas,Chile,PUQ
PuntaCana,DominicanRepublic,PUJ
PuntaDelEste,Uruguay,PDP
PuntaGorda,Belize,PND
PuntaIslita,CostaRica,PBP
Puttaparthi,India,PUT
Putussibau,Indonesia,PSU
Pyongyang,NorthKorea,FNJ
Qaisumah,SaudiArabia,AQI
Qaqortoq,Greenland,JJU
Qiemo,China,IQM
Qingdao,China,TAO
Qiqihar,China,NDG
Queenstown,NewZealand,ZQN
Quelimane,Mozambique,UEL
Quepos,CostaRica,XQP
Queretaro,Mexico,QRO
Quetta,Pakistan,UET
QuiNhon,VietNam,UIH
Quibdo,Colombia,UIB
Quimper,France,UIP
Quipi,Australia,ULP
Quito,Ecuador,UIO
Rabaraba,PapuaNewGuinea,RBP
Rabat,Morocco,RBA
Rabaul,PapuaNewGuinea,RAB
RachGia,VietNam,VKG
Raduzhnyi,Russia,RAT
Rafha,SaudiArabia,RAH
Rafsanjan,Iran,RJN
Raiatea,FrenchPolynesia,RFP
Rajkot,India,RAJ
Rajshahi,Bangladesh,RJH
Ramato,SolomonIslands,RBV
Ramingining,Australia,RAM
Ranchi,India,IXR
Ranong,Thailand,UNN
Rarotonga,CookIslands,RAR
RasAlKhaimah,UnitedArabEmirates,RKT
Rasht,Iran,RAS
Ratanakiri,Cambodia,RBE
RawalaKot,Pakistan,RAZ
Rebun,Japan,RBJ
Recife,Brazil,REC
Reconquista,Argentina,RCQ
ReggioCalabria,Italy,REG
Rennell,SolomonIslands,RNL
Rennes,France,RNS
Resistencia,Argentina,RES
Reus,SpainandCanaryIslands,REU
Reykjavik,Iceland,KEF
Reynossa,Mexico,REX
Rhodes,Gabon,RHO
RibeiraoPreto,Brazil,RAO
Riberalta,Bolivia,RIB
RichardsBay,SouthAfrica,RCB
Richmond,Australia,RCM
Riga,Latvia,RIX
Rijeka,Croatia,RJK
Rimini,Italy,RMI
RioBranco,Brazil,RBR
RioCuarto,Argentina,RCU
RioDeJaneiro,Brazil,GIG
RioGallegos,Argentina-Internacional,RGL
RioGrande,Brazil,RIG
RioGrande,Argentina,RGA
RioMayo,Argentina,ROY
RioVerde,Brazil,RVD
Riohacha,Colombia,RCH
Rishiri,Japan,RIS
Riyadh,SaudiArabia,RUH
RiyanMukalla,Yemen,RIY
Roane,France,RNE
Roatan,Honduras,RTB
RochGia,VietNam,VKG
RockSound,Bahamas,RSD
Rockhampton,Australia,ROK
Rodez,France,RDZ
RodriguesIsland,Mauritius,RRG
Roervik,Norway,RVK
Rognan,Norway,ZXM
Roma,Australia,RMA
Rome,Italy-Allairports,ROM
Rome,Italy-Ciampino,CIA
Rome,Italy-LeonardoDaVinci/Fiumicino,FCO
RongelapIsland,MarshallIslands,RNP
Ronneby,Sweden,RNB
Roros,Norway,RRS
Rorutu,FrenchPolynesia,RUR
Rosario,Argentina,ROS
RoshPina,Iceland,RPN
Rost,Norway,RET
Rostock-Laage,Germany,RLG
Rostov,Russia,ROV
Rota,NorthernMarianaIslands,ROP
Rotorua,NewZealand,ROT
Rotterdam,Netherlands,RTM
Rouen,France,URO
Rovaniemi,Finland,RVN
S.CristobaldelCasas,Mexico,SZT
Saarbruecken,Germany,QFZ
SaintCroix,U.S.VirginIslands,STX
SaintLucia,ST.LUCIA,SLU
SaintMaarten,NetherlandsAntilles,SXM
SaintPetersburg,Russia-Pulkovo,LED
SaintThomas,U.S.VirginIslands,STT
SaintTropez,France-LaMole,LTT
SaintTropez,France,XPZ
Saipan,NorthernMarianaIslands,SPN
SakonNakhon,Thailand,SNO
Salehard,Russia,SLY
SaltCay,TurksandCaicosIslands,SLX
Saltillo,Mexico,SLW
Salvadore,Brazil,SSA
Salzburg,Austria,SZG
Samara,Russia,KUF
Sambaua,Madagascar,SVB
Samburu,Kenya,UAS
Samos,Greece,SMI
SanAndresIsland,Colombia,ADZ
SanAntonioOesta,Argentina,OES
SanAntonio,Venezuela,SVZ
SanCarlos,Argentina,BRC
SanJose,CostaRica-JuanSantaMaria,SJO
SanJose,CostaRica-TobiasBolanosInt'l,SYQ
SanJuan,PuertoRico,SJU
SanJuan,Argentina,UAQ
SanJulian,Argentina,ULA
SanLuisPotosi,Mexico,SLP
SanLuis,Argentina,LUQ
SanMarino,SanMarino,SAI
SanMartinDeLosAndes,Argentina,CPC
SanMiguel,Panama,NMG
SanPedroSula,Honduras,SAP
SanRafael,Argentina,AFA
SanSalvador,Bahamas,ZSA
SanSalvador,ElSalvador,SAL
SanSebastian,Spain,EAS
Sana'a,Yemen,SAH
Sanday,UnitedKingdom,NDY
SantaAna,SolomonIslands,NNB
SantaBarbara,Venezuela,STB
SantaCruzDeLaPalma,SpainandCanaryIslands-LaPalma,SPC
SantaCruz,Bolivia,VVI
SantaMaria,Brazil,RIA
SantaMaria,Portugal,SMA
SantaMarta,Colombia,SMR
SantaRosa,Argentina,RSA
Santarem,Brazil,STM
SanteMarie,Madagascar,SMS
Santiago,Chile,SCL
Santiago,DominicanRepublic,STI
SantoAngelo,Brazil,GEL
SantoAntao,CapeVerde,NTO
SantoDomingo,DominicanRepublic-Herrera,HEX
SantoDomingo,DominicanRepublic-LasAmericas,SDQ
SantoDomingo,Venezuela,STD
Sanya,China,SYX
SaoNicolau,CapeVerde,SNE
SaoPaulo,Brazil-Congonhas,CGH
SaoPaulo,Brazil-Viracopos,VCP
SaoPaulo,Brazil-GuarulhosIntl,GRU
SaoTomeIs.,SaoTomeandPrincipe,TMS
SaoVicente,CapeVerde,VXE
Sapporo,Japan-Chitose,CTS
Sapporo,Japan-Okadama,OKD
Sara,Vanuatu,SSR
Saratov,Russia,RTW
Sarmi,Indonesia,ZRM
SatuMare,Romania,SUJ
Satwag,PapuaNewGuinea,SWG
SauLuiz,Brazil,SLZ
Saumlaki,Indonesia,SXK
Savannakhet,Laos,ZVK
Savonlinna,Finland,SVL
Savusavu,Fiji,SVU
Sayaboury,Laos,ZBY
Sege,SolomonIslands,EGM
Seiyun,Yemen,GXF
Selje,Norway,QFK
Semarang,Indonesia,SRG
Senggo,Indonesia,ZEG
Seoul,SouthKorea-AllAirports,SEL
Seoul,SouthKorea-GimpoInternational,GMP
Seoul,SouthKorea-IncheonInternational,ICN
Servi,Indonesia,ZRI
Sesriem,Namibia,SZM
Sevilla,SpainandCanaryIslands,SVQ
Shanghai,China,PVG
Shannon,Ireland,SNN
Shantou,China,SWA
SharmElSheikh,Egypt,SSH
Sheffield,UnitedKingdom,SZD
Shenzhen,China,SZX
ShetlandIslands,UnitedKingdom-Lerwick/Tingwall,LWK
ShetlandIslands,UnitedKingdom-Sumburgh,LSI
Shillavo,Ethiopia,HIL
Shimkent,Kazakhstan,CIT
Shiraz,Iran,SYZ
Shonai,Japan,SYO
ShuteHarbor,Australia,JHQ
SiemReap,Cambodia,REP
Silchar,India,IXS
Simao,China,SYM
Sinak,Indonesia,NKD
Singapore,Singapore-Changi,SIN
Singapore,Singapore-Seletar,XSP
Sintang,Indonesia,SQG
Sisimiut,Greenland,JHS
Sittwe,Myanmar,AKY
Sivas,Turkey,VAS
Skiathos,Greece,JSI
Skopie,FYROM,SKP
Skovde,Sweden,KVB
Skukuza,SouthAfrica,SZK
Sligo,Ireland,SXL
Soalala,Madagascar,DWB
Soderham,Sweden,SOO
Sofia,Bulgaria,SOF
Sognolal,Norway,SOG
SoloCity,Indonesia,SOC
Son-La,VietNam-Na-San,SQH
Sorkjosen,Norway,SOJ
Sorocaba,Brazil,SOD
SouthAndros,Bahamas,TZN
SouthCaicos,TurksandCaicosIslands,XSC
SouthHampton,UnitedKingdom,SOU
SouthMolleIsland,Australia,SOI
Split,Croatia,SPU
SpringPoint,Bahamas,AXP
Srinagar,India,SXR
St.CroixIsland,U.S.VirginIslands,STX
StDenisdelaReunion,Reunion,RUN
StKitts,StKittsandNevis,SKB
StPierre,StPierreandMiquelon,FSP
StVincent,SaintVincentandtheGrenadines,SVD
St.Etienne,France,EBU
St.Eustatius,NetherlandsAntilles,EUX
St.Lucia,St.Lucia-Hawnorra,UVF
St.Lucia,St.Lucia,UVF
St.Petersburg,Russia,LED
St.PierredelaReunion,Reunion,ZSE
St.ThomasIsland,U.S.VirginIslands,STT
Stavropol,Russia,STW
Stavanger,Norway,SVG
StellaMaris,Bahamas,SML
Stockholm,Sweden-Allairports,STO
Stockholm,Sweden-Arlanda,ARN
Stockholm,Sweden-Bromma,BMA
Stornoway,UnitedKingdom,SYY
Storuman,Sweden,SQO
Strasbourg,France-Busservice,XER
Strasbourg,France-Entzheim,SXB
Stronsay,UnitedKingdom,SOY
StungTreng,Cambodia,TNX
Stuttgart,Germany-Echterdingen,STR
Stuttgart,Germany-Railservice,ZWS
Suavanao,SolomonIslands,VAO
Sucre,Bolivia,SRE
SueIsland,Australia,SYU
Sui,Pakistan,SUL
Sukhotthai,Thailand,THS
SunCity,SouthAfrica,NTY
SunshineCoast,Australia,MCY
Surabaya,Indonesia,SUB
SuratThani,Thailand,URT
Suva,Fiji,SUV
Sveg,Sweden,EVG
Svolvaer,Norway,SVJ
Sydney,Australia,SYD
Sylhet,Bangladesh,ZYL
Szczecin,Poland,SZZ
Taba,Egypt,TCP
Tabarka,Tunisia,TBJ
Tabatinga,Brazil,TBT
Tabora,Tanzania,TBO
Tabriz,Iran,TBZ
Tabubil,PapuaNewGuinea,TBG
Tabuk,SaudiArabia,TUU
Tacheng,China,TCG
Tachilek,Myanmar,THL
Tacloban,Philippines,TAC
Tacna,Peru,TCQ
Taichung,Taiwan,TXG
Taif,SaudiArabia,TIF
Tainan,Taiwan,TNN
Taipei,Taiwan-SungShan,TSA
Taipei,Taiwan-ChiangKaiShek,TPE
Taitung,Taiwan,TTT
Taiyuan,China,TYN
Taiz,Yemen,TAI
Tallinn,Estonia,TLL
Tamanrasset,Algeria,TMR
Tamarindo,CostaRica,TNO
Tamatave,Madagascar,TMM
Tambohorano,MadagascarWTA
Tambolaka,Indonesia,TMC
Tambor,CostaRica,TMU
Tampere,Finland,TMP
Tampico,Mexico,TAM
Tamworth,Australia,TMW
Tanahmerah,Indonesia,TMH
Tangier,Morocco,TNG
TanjungPandan,Indonesia,TJQ
TanjungSelor,Indonesia,TJS
Tanna,Vanuatu,TAH
Tapachula,Mexico,TAP
Tarakan,Indonesia,TRK
Taramajma,Japan,TRA
Taranto,Italy,TAR
Tarapoto,Peru,TPP
Tarawa,Kiribati,TRW
Taree,Australia,TRO
Tari,PapuaNewGuinea,TIZ
Tarija,Bolivia,TJA
Tashkent,Uzbekistan,TAS
Taupo,NewZealand,TUO
Tauranga,NewZealand,TRG
Taveuni,Fiji,TVU
Tawau,Malaysia,TWU
Tbessa,Algeria,TEE
Tbilisi,Georgia,TBS
Tchibanga,Gabon,TCH
TeAnau,NewZealand,TEU
Teesside,UnitedKingdom,MME
Tefe,Brazil,TFF
Tegucigalpa,Honduras,TGU
Tehran,Iran-Mehrabad,THR
Tekadu,PapuaNewGuinea,TKB
TelAviv,Israel,TLV
Tembagapura,Indonesia,TIM
Teminabuan,Indonesia,TXM
Temuco,Chile,ZCO
Tenerife,SpainandCanaryIslands-NorteLosRodeos,TFN
Tenerife,SpainandtheCanaryIslands-SurReinaSofia,TFS
TennantCreek,Australia,TCA
Tepic,Mexico,TPQ
TerceiraIsland,Portugal,TER
Teresina,Brazil,THE
Termez,Uzbekistan,TMJ
Ternate,Indonesia,TTE
Tetabedi,PapuaNewGuinea,TDB
Tete,Mozambique,TET
Tetuan,Morocco,TTU
Tezpur,India,TEZ
Thandwe,Myanmar,SNW
Thangool,Australia,THG
Thargomindah,Australia,XTG
TheBight,Bahamas,TBI
Thessaloniki,Greece,SKG
Thira,Greece,JTR
Thiruvananthapuram,India,TRV
Thorshofn,Iceland,THO
ThursdayIsland,Australia,TIS
Tianjn,China,TSN
Tiaret,Algeria,TID
Tiga,NewCaledonia,TGJ
Tijuana,Mexico,TIJ
TikehauAtoll,FrenchPolynesia,TIH
Tiksi,Russia,IKS
Timaru,NewZealand,TIU
Timimoun,Algeria,TMX
Timosoara,Romania,TSR
Tindouf,Algeria,TIN
Tinian,NorthernMarianaIslands,TIQ
Tioljikja,Mauritania,TIY
Tioman,Malaysia,TOD
Tippi,Ethiopia,TIE
Tirana,Albania,TIA
Tiree,UnitedKingdom,TRE
TirguMures,Romania,TGM
Tiruchirapally,India,TRZ
Tirupati,India,TIR
Tivat,SerbiaandMontenegro,TIV
Tlemcen,Algeria,TLM
Tobago,TrinidadandTobago,TAB
Tobruk,Libya,TOB
Tokunoshima,Japan,TKN
Tokushima,Japan,TKS
Tokyo,Japan-Allairports,TYO
Tokyo,Japan-Haneda,HND
Tokyo,Japan-Narita,NRT
Toledo,Brazil,TOW
Toluco,Mexico,TLC
TomPrice,Australia,TPR
Tomanggong,Malaysia,TMG
Tombouctou,Mali,TOM
Tomsk,Russia,TOF
Tongliao,China,TGO
Tongoa,Vanuatu,TGH
Toowoomba,Australia,TWB
Torreon,Mexico,TRC
Torres,Vanuatu,TOH
Torsby,Sweden,TYF
Tortola,BritishVirginIslands,TOV
Tortoli,Italy,TTB
Tortuquero,CostaRica,TTQ
Tottori,Japan,TTJ
Touho,NewCaledonia,TOU
Toulon,France,TLN
Toulouse,France,TLS
Tours,France,TUF
Tours,France-Railservice,XSH
Townsville,Australia,TSV
Toyama,Japan,TOY
Tozeur,Tunisia,TOE
Trabzon,Turkey,TZX
Trang,Thailand,TST
Trapani,Italy,TPS
Traralgon,Australia,TGN
TreasureCay,Bahamas,TCB
Trelew,Argentina,REL
Trieste,Italy,TRS
Trinidad,Bolivia,TDD
Trinidad,TrinidadandTobago,POS
Tripoli,Latvia,TIP
Trollhattan,Sweden,THN
Trombetas,Brazil,TMT
Tromso,Norway,TOS
Trondheim,Norway,TRD
Trujillo,Honduras,TJI
Trujillo,Peru,TRU
Truk,Micronesia,TKK
Tsaratanana,Madagascar,TTS
Tsiroanomandidy,Madagascar,WTS
Tsumeb,Namibia,TSB
Tsushima,Japan,TSJ
Tubuai,FrenchPolynesia,TUB
Tucuman,Argentina,TUC
Tucupita,Venezuela,TUV
Tucurui,Brazil,TUR
Tufi,PapuaNewGuinea,TFI
Tuguegarao,Philippines,TUG
Tulcan,Ecuador,TUA
Tulear,Madagascar,TLE
Tum,Ethiopia,TUJ
Tumaco,Colombia,TCO
Tumbes,Peru,TBP
Tunis,Tunisia,TUN
Tunxi,China,TXN
Turaif,SaudiArabia,TUI
Turbat,Pakistan,TUK
Turin,Italy,TRN
Turku,Finland,TKU
TuxtlaGutierrez,Mexico,TGZ
Tyumen,Russia,TJM
Ube,Japan,UBJ
Uberaba,Brazil,UBA
Uberlandia,Brazil,UDI
UbonRatchathani,Thailand,UBP
Udaipur,Indonesia,UDR
UdonThani,Thailand,UTH
Ufa,Russia,UFA
UjaeIsland,MarshallIslands,UJE
UjungPandang,Indonesia,UPG
Ukhta,Russia,UCT
Ulaanbaatar,Mongolia,ULN
Ulanhot,China,HLH
Ulan-Ude,Russia,UUD
Ulei,Vanuatu,ULB
Uliastai,Mongolia,ULY
Ulithi,Micronesia,ULI
Ulsan,SouthKorea,USN
Ulundi,SouthAfrica,ULD
Umea,Sweden,UME
Umtata,SouthAfrica,UTT
Upernavik,Greenland,JUV
Upington,SouthAfrica,UTN
Uraj,Russia,URJ
Uralsk,Kazakhstan,URA
Urgench,Uzbekistan,UGC
Urmieh,Iran,OMH
Uroubi,PapuaNewGuinea,URU
Uruapan,Mexico,UPN
Uruguaiana,Brazil,URG
Urumqi,China,URC
UselessLoop,Australia,USL
Ushuaia,Argentina,USH
Usinsk,Russia,USK
Ust-Kamenogorsk,Kazakhstan,UKK
Ust-Ilimsk,Russia,UIK
Utapao,Thailand,UTP
Utila,Honduras,UII
UtirikIsland,MarshallIslands,UTK
Uummannaq,Greeland,UMD
Uzhgorod,Ukraine,UDJ
Vaasa,Finland,VAA
Vadodara,India,BDQ
Vadso,Norway,VDS
Valdivia,Chile,ZAL
Valencia,Spain,VLC
Valencia,Venezuela,VLN
Valenciennes,France,XVS
Valera,Venezuela,VLV
Valesdir,Vanuatu,VLS
Valladolid,SpainandCanaryIslands,VLL
Valledupar,Colombia,VUP
Valverde,SpainandCanaryIslands-Hierro,VDE
Van,Turkey,VAN
Vancouver,BC,YVR
Vanimo,PapuaNewGuinea,VAI
Vanuabalavu,Fiji,VBV
Varanasi,India,VNS
Vardoe,Norway,VAW
Varginha,Brazil,VAG
Varkaus,Finland,VRK
Varna,Bulgaria,VAR
Vasteras,Sweden,VST
Vatomatry,Madagascar,VAT
Vava'u,Tonga,VAV
Vaxjo,Sweden,VXO
V.C.BirdInternational,Antigua&amp;Barbuda,ANU
Venice,Italy-MarcoPolo,VCE
Venice,Italy-Treviso,TSF
Veracruz,Mexico,VER
Varadero,Cuba,VRA
Verona,Italy,VRN
Vestmannaeyjar,Iceland,VEY
VictoriaFalls,Zimbabwe,VFA
VictoriaRiverDowns,Australia,VCD
Viedma,Argentina,VDM
Vienna,Austria,VIE
Vientiane,Laos-Wattay,VTE
Vieques,PuertoRico,VQS
Vigo,Spain,VGO
Vilanculos,Mozambique,VNX
Vilhelmina,Sweden,VHM
Vilhena,Brazil,BVH
VillaGesell,Argentina,VLG
VillaMerced es,Argentina,VME
Villahermosa,Mexico,VSA
Vilnius,Lithuania,VNO
VinhCity,VietNam,VII
VirginGorda,BritishVirginIslands,VIJ
Visby,Sweden,VBY
Vishakhapatnam,India,VTZ
Vitebsk,Belarus,VTB
VitoriadaConquista,Brazil,VDC
Vitoria,SpainandCanaryIslands,VIT
Vivigani,PapuaNewGuinea,VIV
Vladikavkaz,Russia,OGZ
Vladivostok,Russia,VVO
Vohemar,Madagascar,VOH
Volgodonsk,Russia,VLK
Volgograd,Russia,VOG
Vopnafjordur,Iceland,VPN
Vorkuta,Russia,VKT
Voronezh,Russia,VOZ
WadiAdDawasir,SaudiArabia,WAE
WadiHalfa,Sudan,WHF
Wagethe,Indonesia,WET
WaggaWagga,Australia,WGA
Wahai,Indonesia,WBA
Waingapo,Indonesia,WGP
Wakkanai,Japan,WKJ
Walaha,Vanuatu,WLH
Walgett,Australia,WGE
WallisIsland,WallisandFutunaIslands,WLS
WalvisBay,Namibia,WVB
Wamena,Indonesia,WMX
Wanaka,NewZealand,WKA
Wanganui,NewZealand,WAG
Wangerooge,Germany,AGE
Wanigela,PapuaNewGuinea,AGL
Wanxian,China,WXN
Warsaw,Poland,WAW
Wasior,Indonesia,WSR
Wasu,PapuaNewGuinea,WSU
Waterford,Ireland,WAT
Wau,PapuaNewGuinea,WUG
Wau,Sudan,WUU
Wedau,PapuaNewGuinea,WED
Wedjh,SaudiArabia,EJH
Weihai,China,WEH
Weipa,Australia,WEI
Wellington,NewZealand,WLG
Wenzhou,China,WNZ
Westerland,Germany,GWT
Westport,NewZealand,WSZ
Westray,UnitedKingdom,WRY
Wewak,PapuaNewGuinea,WWK
Whakatane,NewZealand,WHK
Whangarei,NewZealand,WRE
Whyalla,Australia,WYA
Wick,UnitedKingdom,WIC
Wilhelmshaven,Germany,WVN
Wiluna,Australia,WUN
Windarra,Australia,WNR
Winton,Australia,WIN
Woja,MarshallIslands,WJA
Wonan,Taiwan,WOT
WonJu,SouthKorea,WJU
WothoIsland,MarshallIslands,WTO
WotjeIsland,MarshallIslands,WTE
Wroclaw,Poland,WRO
Wudinna,Australia,WUD
Wuhan,China,WUH
Wuyishan,China,WUS
Wyndham,Australia,WYN
Xiamen,China,XMN
XiAn,China-Xianyang,XIY
Xiangfan,China,XFN
Xichang,China,XIC
XiengKhouang,Laos,XKH
Xilinhot,China,XIL
Xining,China,XNN
Xuzhou,China,XUZ
Yakutsk,Russia,YKS
Yalumet,PapuaNewGuinea,KYX
YamIsland,Australia,XMY
Yamagata,Japan,GAJ
Yan'an,China,ENY
Yanbu,SaudiArabia,YNB
Yancheng,China,YNZ
Yandina,SolomonIslands,XYA
Yangon,Myanmar,RGN
Yanji,China,YNJ
Yantai,China,YNT
Yaounde,Cameroon,YAO
Yap,Micronesia,YAP
Yaroslavl,Russia,IAR
Yazd,Iran,AZD
Yelimane,Mali,EYL
Yeosu,SouthKorea,RSU
Yerevan,Armenia,EVN
Yibin,China,YBP
Yichang,China,YIH
Yinchuan,China,INC
Yining,China,YIN
Yiwu,China,YIW
Yogyakarta,Indonesia,JOG
Yonago,Japan,YGJ
YonaguniJima,Japan,OGN
YorkeIsland,Australia,OKR
Yoronjima,Japan,RNJ
Yulin,China,UYN
Yuzhno-Sakhalinsk,Russia,UUS
Zadar,Croatia,ZAD
Zagreb,Croatia,ZAG
Zahedan,Iran,ZAH
ZakinthosIsland,Greece,ZTH
Zamboanga,Philippines,ZAM
Zanzibar,Tanzania-Kisauni,ZNZ
Zaporozhye,Ukraine,OZH
Zaragoza,SpainandCanaryIslands,ZAZ
Zhanjiang,China,ZHA
Zhaotong,China,ZAT
Zhengzha,China,CGO
Zhob,Pakistan,PZH
Zhoushan,China,HSN
Zhuhai,China,ZUH
Zielana,Poland,IEG
Zihuatanejo/Ixtapa,Mexico,ZIH
Zouerate,Mauritania,OUZ
Zugapa,Indonesia,UGU
Zurich,Switzerland,ZRH